COOPERACIÓN;CAPACITADOS ;Vigencia automotor;Firmaron convenio Automotor;DESCUENTO 30%;NOTA (ACARA Y DNRPA);ORDENANZA AUTOMOTOR;ADENDAS;CCI EXPRÉS;ORDENANZA CCI;MONOTRIBUTO UNIFICADO;ORDENANZA MUC;ANEXO MUC ;NOMENCLADOR;LOCALIDAD;DEPARTAMENTO;Telefono Municipio/comuna;CUIT;POBLACIÓN ;M/C;PARTIDO 10/12/2019
SI ;SI;Sin convenio;NO;;;;;SI;;2019-04-01;SI;SI;SI;ACHIRAS;RIO CUARTO;03582-495019-495249 // 03582 495088;30999139023;2398;M;CORDOBA CAMBIA
SI ;SI;Sin convenio;NO;;;;;SI;SI;2019-01-01;SI;SI;SI;ADELIA MARIA;RIO CUARTO;03585-420407 / 420118;30999051290;7739;M;HPC
SI ;SI;Sin convenio;NO;;;;;;;;;;;AGUA DE ORO;COLON;03525-493071;30678715332;2163;M;UCR
SI ;SI;2019;SI;NO;SI;SI;ENVIO DNRPA 18.6;;;2019-03-01;SI;SI;SI;ALCIRA GIGENA;RIO CUARTO;0358-4969610/611/620;30581388655;5924;M;UCR
SI ;SI;2018;SI;SI;SI;SI;ENVIO DNRPA 27.8;;;;;;;ALDEA SANTA MARIA;UNION;03468-569000;30668840848;201;C;HPC
SI ;SI;Sin convenio;NO;;;;;SI;SI;2019-03-01;SI;SI;SI;ALEJANDRO ROCA;JUAREZ CELMAN;0358-4989111/114;30999097258;5394;M;HPC
SI ;SI;2020;SI;NO;SI;SI;SI;SI;SI;2020-01-01;SI;SI;SI;ALEJO LEDESMA;MARCOS JUAREZ;03468-490600/197;30999066034;3385;M;HPC
SI ;SI;2019;SI;NO;SI;SI;ENVIO DNRPA 27.8;;;2019-03-01;SI;;SI;ALICIA;SAN JUSTO;03533-496369/441;30669170382;3318;M;HPC
SI ;SI;2018;SI;NO;Pendiente;SI;ENVIO DNRPA 27.8;SI;;2019-01-01;SI;SI;SI;ALMAFUERTE;TERCERO ARRIBA;03571-470202 / 471110;30999099471;11845;M;UCR
SI ;SI;2019;SI;NO;SI;SI;ENVIO DNRPA 18.6;SI;SI;2019-02-01;SI;SI;SI;ALPA CORRAL;RIO CUARTO;0358-4888008 / 9;30683936347;966;M;UCR
SI ;SI;Sin convenio;NO;;;;;;;;;;;ALTA GRACIA;SANTA MARIA;03547-428130-429303;30999012260;48506;M;HPC
SI ;SI;2019;SI;SI;SI;SI;ENVIO DNRPA 27.8;SI;SI;2018-11-01;SI;;SI;ALTO ALEGRE;UNION;03534-481015;30668245699;817;M;HPC
NO;NO;Sin convenio;NO;;;;;;;;;;;ALTO DE LOS QUEBRACHOS;CRUZ DEL EJE;03549-423805;30668551692;268;C;UCR
SI ;SI;2019;SI;SI;SI;SI;ENVIO DNRPA 18.6;SI;SI;SI;SI;SI;Pendiente;ALTOS DE CHIPION;SAN JUSTO;03562-493109 / 493317 / 493040;33669144739;1793;M;HPC
SI ;SI;2019;SI;SI;SI;SI;ENVIO DNRPA 27.8;SI;SI;SI;SI;SI;Pendiente;AMBOY;CALAMUCHITA;03546-491014;30668687187;228;C;FDT
SI ;SI;2021;SI;SI;SI;SI;SI;SI;;SI;Pendiente;SI;Pendiente;AMBUL;SAN ALBERTO;03542-492244;30669246966;732;C;HPC
SI ;SI;Sin convenio;NO;;;;;;;;;;;ANA ZUMARAN;UNION;0353 - 4507048;30669069592;98;C;UCR
SI ;SI;2019;SI;SI;SI;SI;ENVIO DNRPA 27.8;;;SI;Pendiente;SI;Pendiente;ANISACATE;SANTA MARIA;03547-494052;30709912271;3350;M;HPC
SI ;SI;Sin convenio;NO;;;;;SI;SI;;;;;ARIAS;MARCOS JUAREZ;03468-440029 / 140/441555;30999066417;7249;M;UCR cambia
NO;NO;Sin convenio;NO;;;;;;;2020-11-01;SI;SI;SI;ARROYITO;SAN JUSTO;03576-421320 /392;30999056799;22726;M;HPC
SI ;SI;2018;SI;2018 NO // CON LA RENOVACION CAMBIAN A SI;Pendiente;SI;ENVIO DNRPA 27.8;SI;;2019-06-01;SI;SI;SI;ARROYO ALGODON;GENERAL SAN MARTIN;0353-4878014 / 487190 / CEL 0353-154184302;30999114632;692;M;MAV
SI ;SI WEB;2019;SI;NO;SI;SI;ENVIO DNRPA 27.8;SI;SI;;;;;ARROYO CABRAL;GENERAL SAN MARTIN;0353-4877138;30999062764;2793;M;UCR
SI ;SI;2020;SI;NO;SI;SI;SI;;;;;;;ARROYO LOS PATOS;SAN ALBERTO;03544-472310;33669244989;634;C;HPC
NO;NO;Sin convenio;NO;;;;;;;;;;;ASSUNTA;JUAREZ CELMAN;03584-421112;30668849098;73;C;HPC
NO;NO;Sin convenio;NO;;;;;;;;;;;ATAHONA;RIO PRIMERO;03575-499106;30680975740;224;C;HPC
SI ;SI;Sin convenio;NO;;;;;SI;SI;SI;Pendiente;Pendiente;Pendiente;AUSONIA;GENERAL SAN MARTIN;0353-4888002 / 039 ;30999114497;1133;M;HPC
SI ;NO;Sin convenio;NO;;;;;;;;;;;AVELLANEDA;ISCHILIN;03521-421225 (Cabina de Mensaje);33682273599;323;C;O/P
SI ;SI;Sin convenio;NO;;;;;SI;;SI;Pendiente;SI;Pendiente;BALLESTEROS;UNION;0353-4930223;30999066654;3928;M;VECINAL
SI ;SI;Sin convenio;NO;;;;;SI;SI;;;;;BALLESTEROS SUD;UNION;0353-4896331;30668255554;538;M;VECINAL
SI ;SI;Sin convenio;NO;;;;;;;2020-07-01;SI;SI;SI;BALNEARIA;SAN JUSTO;03563-420216;33688853759;6171;M;HPC
SI ;SI;2022;SI;SI;SI;SI;SI;;;;;;;BAÑADO DE SOTO;CRUZ DEL EJE;03549-480211;30668556260;941;C;HPC
SI ;SI;Sin convenio;NO;;;;;SI;;2019-02-01;SI;;SI;BELL VILLE;UNION;03537-415427/int - (3537) 415357 – Int. 110;30668248590;34439;M;UCR
SI ;SI;2019;SI;SI;SI;SI;ENVIO DNRPA 27.8;SI;SI;2018-12-01;SI;SI;SI;BENGOLEA;JUAREZ CELMAN;0353-4873395/35;30668860733;917;M;HPC
SI ;SI;Sin convenio;NO;;;;;SI;SI;SI;Pendiente;SI;Pendiente;BENJAMIN GOULD;UNION;03463-494003 / 040;30668854385;704;M;HPC
SI ;SI;Sin convenio;NO;;;;;SI;SI;2019-01-01;SI;;SI;BERROTARAN;RIO CUARTO;0358-4940036 / 4941000;30999050375;6886;M;UCR
SI ;SI;2020;SI;SI;SI;SI;SI;SI;SI;;;;;BIALET MASSE;PUNILLA;03541-448180 / 441711;30678661860;5449;M;HPC
SI ;SI;2018;SI;SI;SI;SI;ENVIO DNRPA 27.8;;;;;;;BOUWER;SANTA MARIA;0351-4993100;30677565779;1786;M;VECINAL
SI ;SI;Sin convenio;NO;;;;;SI;SI;;;;;BRINKMANN;SAN JUSTO;"03562-400350 // 03562 400790
";30669207316;9963;M;HPC
SI ;SI;2018;SI;2018 SI // CON LA RENOVACION CAMBIAN A NO;SI;SI;ENVIO DNRPA 27.8;SI;;2021-02-01;SI;SI;SI;BUCHARDO;GENERAL ROCA;03387-420271 /3385-461954/ 338515462619;30999098939;1795;M;HPC
SI ;SI;Sin convenio;NO;;;;;SI;SI;2018-10-01;SI;SI;SI;BULNES;RIO CUARTO;03582- 494230 INT. 30;30999100887;1051;M;UNITE POR LA LIBERTAD Y LA DIGNIDAD
SI ;SI;Sin convenio;NO;;;;;;;;;;;CABALANGO;PUNILLA;03541-428782;30678666293;475;C;HPC
SI ;SI;Sin convenio;NO;;;;;SI;SI;2019-04-01;SI;;SI;CALCHIN;RIO SEGUNDO;03573-497155 / 101;30669378870;2447;M;UCR
SI ;SI;Sin convenio;NO;;;;;SI;SI;;;;;CALCHIN OESTE;RIO SEGUNDO;03532-495031 - 495178;30669377955;765;M;UCR
SI ;SI;Sin convenio;NO;;;;;SI;SI;2018-09-01;SI;SI;SI;CAMILO ALDAO;MARCOS JUAREZ;03468-401159;30999066891;5209;M;UCR
SI ;SI;2018;SI;2018 NO // CON LA RENOVACION CAMBIAN A SI;SI;SI;ENVIO DNRPA 27.8;SI; ;SI;Pendiente;SI;Pendiente;CAMINIAGA;SOBREMONTE;03521-481001;30682242201;362;C;HPC
SI ;SI;2020;SI;NO;SI;SI;SI;SI;SI;2019-02-01;SI;;SI;CANALS;UNION;03463-420072 / 140;30668850495;8676;M;HPC
SI ;NO;Sin convenio;NO;;;;;SI;;SI;Pendiente;Pendiente;Pendiente;CANDELARIA SUD;TOTORAL;03525-422487;30682304967;125;C;UCR Reelecto
SI ;SI;2019;SI;SI;SI;SI;ENVIO DNRPA 27.8;;;SI;SI;SI;Pendiente;CAÑADA DE LUQUE;TOTORAL;03525-495050/020/021;30668353033;1217;M;UCR Reelecto
SI ;NO;Sin convenio;NO;;;;;;;;;;;CAÑADA DE MACHADO;RIO PRIMERO;03574-490117;30680982011;203;C;UCR
SI ;NO;2019;SI;SI;SI;SI;ENVIO DNRPA 27.8;SI;SI;SI;;;Pendiente;CAÑADA DE RIO PINTO;ISCHILIN;03525-422467;30682312080;193;C;Vecinal
SI ;SI;Sin convenio;NO;;;;;;;;;;;CAÑADA DEL SAUCE;CALAMUCHITA;03546-499520;30668679516;75;C;HPC
SI ;SI;Sin convenio;NO;;;;;;;;;;;CAP.GENERAL. B O'HIGGINS;MARCOS JUAREZ;03468-492004;30668207967;497;M;HPC
SI ;SI;Sin convenio;NO;;;;;SI;SI;;;;;CAPILLA DE LOS REMEDIOS;RIO PRIMERO;03574-496155/012- 03574-496028;30682313079;342;C;UNITE POR LA LIBERTAD Y LA DIGNIDAD
SI ;NO;2019;SI;SI;SI;SI;ENVIO DNRPA 27.8;;;SI;Pendiente;SI;Pendiente;CAPILLA DE SITON;TOTORAL;03524-470344 / 03575- 490357;30680995563;550;C;UCR
SI ;SI;2022;SI;SI;SI;SI;si;;;;;;;CAPILLA DEL CARMEN;RIO SEGUNDO;03573-422316 / 543;30668542650;556;M;HPC
SI ;SI;2019;SI;NO;SI;SI;ENVIO DNRPA 18.6;SI;SI;2019-03-01 // Solicitan la baja mediante nota a la privada. Se confirma fecha de baja para el 1/04/2021;SI;SI;SI;CAPILLA DEL MONTE;PUNILLA;03548-481341 int. 122;30668446775;11281;M;HPC
SI ;SI;No Vigente;SI;Pendiente;SI;Pendiente;Pendiente;SI;SI;2018-11-01;SI;;SI;CARNERILLO;JUAREZ CELMAN;0358-4883105 / 005 // 0358 4883710;30999226589;1928;M;HPC
SI ;SI;Sin convenio;NO;;;;;SI;SI;;;;;CARRILOBO;RIO SEGUNDO;0353-4894099 / 033;30999226104;1772;M;UCR
SI ;SI;Sin convenio;NO;;;;;SI;SI;SI;Pendiente; SI;Pendiente;CASA GRANDE;PUNILLA;03548-470870 // 3548 - 470572;30678731885;701;C;UCR
NO;NO;Sin convenio;NO;;;;;SI;SI;;;;;CAVANAGH;MARCOS JUAREZ;03468-491091 / 055/ 001;30999121523;1240;M;HPC
SI ;SI;2019;SI;SI;SI;SI;ENVIO DNRPA 27.8;SI;SI;2018-12-01;SI;SI;SI;CERRO COLORADO;RIO SECO;03522-15403626;30678722460;285;C;UCR
SI ;SI;2018;SI;SI;Pendiente;SI;ENVIO DNRPA 27.8;SI;SI;SI;Pendiente;Pendiente;Pendiente;CHAJAN;RIO CUARTO;03582-492025/024/091;30669116655;767;M;HPC
SI ;SI;Sin convenio;NO;;;;;;;;;;;CHALACEA;RIO PRIMERO;03575-492005 / 153408366;30685385909;180;C;HPC
SI ;SI WEB;2019;SI;SI;SI;SI;ENVIO DNRPA 27.8;SI;;;;;;CHANCANI;POCHO;03542-485801 (policia) Comuna 4;30669254608;463;C;VECINAL
SI ;NO;2019;SI;NO;SI;SI;ENVIO DNRPA 27.8;;;SI;Pendiente;SI;Pendiente;CHAÑAR VIEJO;RIO SECO;03522 422171;30680959052;186;C;HPC
SI ;SI;2018;SI;2018 SI // CON LA RENOVACION CAMBIAN A NO;SI;SI;ENVIO DNRPA 18.6;SI;;SI;Pendiente;SI;Pendiente;CHARBONIER;PUNILLA;03548-487199 / 0348-500038 // 03548 481739;30668542723;553;C;HPC
SI ;SI;2019;SI;NO;SI;SI;ENVIO DNRPA 27.8;SI;SI;2019-01-01;SI;SI;SI;CHARRAS;JUAREZ CELMAN;0358-4885006/112;30999099927;1117;M;HPC
SI ;SI;Sin convenio;NO;;;;;SI;;;;;;CHAZON;GENERAL SAN MARTIN;0353-4882029 / 101;30999113954;1080;M;UCR
SI ;SI;2018;SI;2018 NO // CON LA RENOVACION CAMBIAN A SI;Pendiente;SI;ENVIO DNRPA 18.6;SI;SI;2018-12-01;SI;SI;SI;CHILIBROSTE;UNION;03537-499033/ 058;30668288061;614;M;HPC
SI ;SI;Sin convenio;NO;;;;;SI;SI;;;;;CHUCUL;RIO CUARTO;0358-4912005;30585573120;304;C;UCR
SI ;NO;2019;SI;SI;SI;SI;ENVIO DNRPA 27.8;;;SI;Pendiente;SI;Pendiente;CHUÑA;ISCHILIN;03521 427066;30682249613;563;C;HPC
SI ;SI;Sin convenio;NO;;;;;;;;;;;CHUÑA HUASI;SOBREMONTE;03522-461001;30682309608;457;C;HPC
SI ;SI;No Vigente;SI;Pendiente;SI;Pendiente;Pendiente;;;SI;Pendiente;SI;Pendiente;CHURQUI CAÑADA;TULUMBA;03522-422242;30692951375;58;C;HPC
SI ;SI WEB;2020;SI;SI;SI;SI;SI;SI;;SI;Pendiente;Pendiente;Pendiente;CIENAGA DEL CORO;MINAS;03542-490516;30668557704;718;C;HPC
SI ;SI;Sin convenio;NO;;;;;SI;SI;2020-07-01;SI;SI;SI;CINTRA;UNION;03537-495150;30668239001;1205;M;HPC
SI ;SI;Sin convenio;NO;;;;;;;;;;;COLAZO;RIO SEGUNDO;03532-493013/029/274;30999230020;1634;M;VECINAL
SI ;SI;2019;SI;SI;SI;SI;ENVIO DNRPA 27.8;SI;;SI;Pendiente;SI;Pendiente;COLONIA ALMADA;TERCERO ARRIBA;03532-494045;30668670055;541;M;HPC
SI ;SI WEB;Sin convenio;NO;;;;;;;;;;;COLONIA ANITA;SAN JUSTO;03564-451380;30669191401;8;C;VECINAL
SI ;SI WEB;Sin convenio;NO;;;;;;;;;;;COLONIA BARGE;MARCOS JUAREZ;03468-471995;30668257840;175;C;HPC
SI ;NO;2018;SI;SI;SI;SI;ENVIO DNRPA 27.8;SI;SI;;;;;COLONIA BISMARCK;UNION;03468-493020 / 493051;30668254329;373;M;HPC
NO;NO;Sin convenio;NO;;;;;;;;;;;COLONIA BREMEN;UNION;03463-493001;30668846331;117;C;HPC
SI ;SI;2019;SI;NO;SI;SI;ENVIO DNRPA 27.8;;;2019-02-01;SI;;SI;COLONIA CAROYA;COLON;03525-461117/151;30999227712;20821;M;HPC
SI ;SI;2019;SI;SI;SI;SI;ENVIO DNRPA 27.8;SI;SI;SI;Pendiente;Pendiente;Pendiente;COLONIA ITALIANA;MARCOS JUAREZ;03468-422601;30668443490;753;M;O/P Reelecto
SI ;NO;Sin convenio;NO;;;;;;;;;;;COLONIA ITURRASPE;SAN JUSTO;03564-461410;30669195156;6;C;UCR
SI ;SI;No Vigente;SI;Pendiente;SI;Pendiente;SI;;;SI;Pendiente;SI;Pendiente;COLONIA LAS CUATRO ESQUINAS;RIO PRIMERO;03576-499005 // 0357 4481369;33680954009;115;C;UCR
SI ;SI;Sin convenio;NO;;                                                                            ;;;SI;SI;;;;;COLONIA LAS PICHANAS;SAN JUSTO;03576-424009;30669189490;181;C;UCR
SI ;SI;2018;SI;2018 NO // CON LA RENOVACION CAMBIAN A SI;SI;SI;ENVIO DNRPA 18.6;SI;SI;2019-04-01;SI;SI;SI;COLONIA MARINA;SAN JUSTO;03564-494037;30669163947;1153;M;CORDOBA CAMBIA
SI ;SI;Sin convenio;NO;;;;;SI;;;;;;COLONIA PROSPERIDAD;SAN JUSTO;03564-491035;30669169988;377;M;UCR
SI ;SI;2018;SI;NO;SI;SI;ENVIO DNRPA 18.6;SI;SI;2018-12-01;SI;SI;SI;COLONIA SAN BARTOLOME;SAN JUSTO;03564-496008 / 058;30999230268;1291;M;HPC
SI ;SI;Sin convenio;NO;;;;;SI;SI;2021-07-01;SI;SI;SI;COLONIA SAN PEDRO;SAN JUSTO;03562-422038;30669207170;151;C;UCR
SI ;SI;Sin convenio;NO;;;;;;;;;;;COLONIA TIROLESA;COLON;0351- 4902127 / 093;30668404533;5342;M;UCR
SI ;SI;2019;SI;NO;SI;SI;ENVIO DNRPA 18.6;SI;SI;;;;;COLONIA VALTELINA;SAN JUSTO;03562-495911;30669187587;190;C;VECINAL
SI ;SI WEB;2021;SI;SI;SI;SI;SI;;;;;;;COLONIA VICENTE AGUERO;COLON;03525-466847;30652136636;352;C;Vecinal
SI ;SI;2018;SI;SI;SI;SI;ENVIO DNRPA 18.6;;;;;;;COLONIA VIDELA;RIO SEGUNDO;03532-421287 / 3532 496513;30681033102;78;C;HPC
SI ;SI;Sin convenio;NO;;;;;SI;SI;2020-12-01;SI;SI;SI;COLONIA VIGNAUD;SAN JUSTO;03564-450901 // 03564 450950;30669208479;727;M;MOVIMIENTO UNION VECINAL
SI ;SI;Sin convenio;NO;;;SI;;SI;SI;;;;;COMECHINGONES;RIO PRIMERO;03574-495029;30999296048;366;C;VECINAL
SI ;NO;2019;SI;SI;SI;SI;ENVIO DNRPA 27.8;;;SI;Pendiente;SI;Pendiente;CONLARA;SAN JAVIER;03544-426070;30669246656;508;C;HPC
NO;NO;Sin convenio;NO;;;;;;;;;;;COPACABANA;ISCHILIN;03521-482001;30682278788;74;C;HPC
SI ;SI;Sin convenio;NO;;;;;;;2020-01-01;;;;CORDOBA;CAPITAL;0351- 4285600- 42857 INT. 1105/1106;30999074843;1329604;M;HPC
SI ;SI;Sin convenio;NO;;;;;;;;;;;CORONEL BAIGORRIA;RIO CUARTO;0358-4882008 / 128 /;30669133339;1532;M;CORDOBA CAMBIA
SI ;SI;Sin convenio;NO;;;;;SI;SI;;;;;CORONEL MOLDES;RIO CUARTO;03582-489640/41/43;33999100339;9010;M;HPC
SI ;SI;2018;SI;2018 SI // CON LA RENOVACION CAMBIAN A NO;SI;SI;ENVIO DNRPA 27.8;SI;SI;2018-09-01;SI;;SI;CORRAL DE BUSTOS-IFFLINGER;MARCOS JUAREZ;03468-429621/22;30999065976;10426;M;HPC
SI ;SI;2018;SI;NO;Pendiente;SI;ENVIO DNRPA 27.8;SI;SI;2019-01-01;SI;SI;SI;CORRALITO;TERCERO ARRIBA;03571-492149 / 346;30668675863;1757;M;HPC
SI ;SI;No Vigente;SI;Pendiente;SI;Pendiente;Pendiente;;;2021-03-01;SI;SI;SI;COSQUIN;PUNILLA;03541-458024-454902-458022;30999013704;19815;M;Vecinal
SI ;SI;2021;SI;SI;SI;SI;SI;;;2018-09-01;SI;SI;SI;COSTASACATE;RIO SEGUNDO;03572-495001-495171;33680941179;1485;M;CORDOBA CAMBIA 
SI ;SI;2018;SI;2018 NO // CON LA RENOVACION CAMBIAN A SI;Pendiente;SI;ENVIO DNRPA 27.8;SI;SI;2020-04-01;SI;SI;SI;CRUZ ALTA;MARCOS JUAREZ;03467-421193/101 - 03467 15419410 ;30999065801;7200;M;HPC
SI ;SI;Sin convenio;NO;;;;;;;;;;;CRUZ DE CAÑA;CRUZ DEL EJE;03549-480222 // 03514251609;30668562546;352;C;UCR
SI ;SI;2018;SI;SI;SI;SI;ENVIO DNRPA 27.8;;;SI;Pendiente;Pendiente;Pendiente;CRUZ DEL EJE;CRUZ DEL EJE;03549-423563 /  3549 422013 / 422588;30999135680;30844;M;HPC
SI ;SI;2019;SI;SI;SI;SI;ENVIO DNRPA 18.6;;;SI;Pendiente;SI;Pendiente;CUESTA BLANCA;PUNILLA;03541-495620;30678672021;510;C;HPC
SI ;SI;Sin convenio;NO;;;;;;;;;;;DALMACIO VELEZ;TERCERO ARRIBA;0353-4889256;30999098009;1565;M;HPC
SI ;NO;Sin convenio;NO;;;;;;;;;;;DEAN FUNES;ISCHILIN;03521-420020/20967;30656355081;21518;M;VECINAL
SI ;SI;2021;SI;SI;SI;SI;SI;;;;;;;DEL CAMPILLO;GENERAL ROCA;03583-499011/499100;30999098866;3508;M;HPC
SI ;SI;Sin convenio;NO;;;;;;;;;;;DESPEÑADEROS;SANTA MARIA;03547-492017 / 126;30999067715;5988;M;HPC
SI ;SI;Sin convenio;NO;;;;;SI;SI;2021-03-01;SI;SI;SI;DEVOTO;SAN JUSTO;03564-482141;30669166393;6133;M;UNITE POR LA LIBERTAD Y LA DIGNIDAD
SI ;SI;2019;SI;SI;SI;SI;ENVIO DNRPA 27.8;;;;;;;DIEGO DE ROJAS;RIO PRIMERO;03575-490141;30677596135;509;C;HPC
SI ;NO;2019;SI;SI;SI;SI;ENVIO DNRPA 18.6;;;SI;SI;SI;Pendiente;DIQUE CHICO;SANTA MARIA;03547 15531155;33677614299;259;C;HPC
SI ;SI;2018;SI;SI;Pendiente;SI;ENVIO DNRPA 27.8;SI;SI;2018-10-01;SI;SI;SI;EL ARAÑADO;SAN JUSTO;03533-493115 / cel 03533 442771;30669190103;1776;M;HPC
NO;NO;Sin convenio;NO;;;;;;;;;;;EL BRETE;CRUZ DEL EJE;03549-15470264 / 422364;33668541599;2327;M;UCR
SI ;SI WEB;Sin convenio;NO;;;;;;;;;;;EL CHACHO;MINAS;03549-492007 ( Cab Pública);30668554802;401;C;HPC
SI ;NO;Sin convenio;NO;;;;;;;;;;;EL CRISPIN;RIO PRIMERO;03525-427084;30680992599;220;C;HPC
SI ;SI;2018;SI;2018 NO // CON LA RENOVACION CAMBIAN A SI;Pendiente;SI;ENVIO DNRPA 27.8;SI;SI;2019-03-01;SI;SI;SI;EL FORTIN;SAN JUSTO;03533-494140 / 494236;30657321865;1648;M;HPC
SI ;SI;2020;SI;Pendiente;SI;SI;SI;SI;SI;;;;;EL MANZANO;COLON;03525 493225;30678663537;1298;C;HPC
SI ;SI;2018;SI;SI;SI;SI;ENVIO DNRPA 27.8;;;SI;Pendiente;Pendiente;Pendiente;EL RASTREADOR;JUAREZ CELMAN;03584-492711;30668848245;85;C;UCR
NO;NO;Sin convenio;NO;;;;;;;;;;;EL RODEO;TULUMBA;447-4804;30682273662;236;C;HPC
SI ;SI;No Vigente;SI;Pendiente;Pendiente;Pendiente;Pendiente;SI;SI;2021-01-01;SI;SI;SI;EL TIO;SAN JUSTO;03576-491297 / 015;30688834925;1920;M;HPC
SI ;SI;2021;SI;SI;SI;SI;SI;SI;;;;;;ELENA;RIO CUARTO;0358-4881001 / 029;30999050200;3007;M;HPC
SI ;SI;2018;SI;SI;SI;SI;ENVIO DNRPA 27.8;SI;;SI;Pendiente;SI;Pendiente;EMBALSE;CALAMUCHITA;03571-485592;33668701359;9107;M;HPC
SI ;NO;2018;SI;SI;SI;SI;ENVIO DNRPA 18.6;SI;SI;;;;;ESQUINA;RIO PRIMERO;03574-490921;30689774144;273;C;HPC
SI ;SI;Sin convenio;NO;;;;;SI;SI;;;;;ESTACION GENERAL PAZ;COLON;03525-497275;30678654422;2253;M;HPC
SI ;SI;Sin convenio;NO;;;;;;;;;;;ESTACION JUAREZ CELMAN;COLON;0351-4904950/51/52;30655791635;12129;M;UCR
SI ;SI WEB;2021;SI;SI;SI;SI;SI;;;SI;Pendiente;Pendiente;Pendiente;ESTANCIA DE GUADALUPE;MINAS;03542-490705;30668549515;522;C;VECINAL
SI ;SI;Sin convenio;NO;;;;;;;;;;;ESTANCIA VIEJA;PUNILLA;03541-429208;30678688165;909;C;UCR
SI ;SI;Sin convenio;NO;;;;;SI;SI;;;;;ETRURIA;GENERAL SAN MARTIN;0353-4929500;30999114012;4130;M;UCR
SI ;NO;2019;SI;NO;SI;SI;ENVIO DNRPA 27.8;SI;;2020-11-01;SI;SI;SI;EUFRASIO LOZA;RIO SECO;03522-422175;30682234497;166;C;UNION VECINAL
SI ;SI;Sin convenio;NO;;;;;;;;;;;FALDA DEL CARMEN;SANTA MARIA;03547-402838;30681018405;610;C;HPC
SI ;SI;Sin convenio;NO;;;;;;;;;;;FREYRE;SAN JUSTO;03564-461002 / 200;30669189180;6922;M;HPC
SI ;SI;Sin convenio;NO;;;;;SI;SI;;;;;GENERAL BALDISSERA;MARCOS JUAREZ;03468-494220 / 281- 434650;30999066107;2397;M;HPC
SI ;SI;Sin convenio;NO;;;;;;;2019-03-01;SI;SI;SI;GENERAL CABRERA;JUAREZ CELMAN;0358-4930660/120/141;30999051436;11837;M;UCR
SI ;SI;Sin convenio;NO;;;;;SI;SI;2019-02-01;SI;SI;SI;GENERAL DEHEZA;JUAREZ CELMAN;0358-4057500/01/2/3;30999051363;11083;M;VECINAL
SI ;SI;2019;SI;NO;SI;SI;ENVIO DNRPA 27.8;;;2019-04-01;SI;SI;SI;GENERAL FOTHERINGHAM;TERCERO ARRIBA;03571-496030;30668673712;313;C;CAMBIEMOS
SI ;SI;Sin convenio;NO;;;;;;;2021-01-01;SI;SI;SI;GENERAL LEVALLE;ROQUE SAENZ PEÑA;03385-480050-480419;30999051673;5718;M;UCR
SI ;SI;2018;SI;2018 NO // CON LA RENOVACION CAMBIAN A SI;Pendiente;SI;ENVIO DNRPA 27.8;SI;SI;2020-03-01;SI;SI;SI;GENERAL ROCA;MARCOS JUAREZ;03472-492107;30668939836;2785;M;HPC
NO;NO;No Vigente;SI;Pendiente;SI;Pendiente;Pendiente;;;SI;Pendiente;Pendiente;Pendiente;GUANACO MUERTO;CRUZ DEL EJE;03549-424100 / 15430729 ;30668538289;554;C;HPC
NO;NO;Sin convenio;NO;;;;;;;;;;;GUASAPAMPA;MINAS;03542-471101;33668550849;241;C;HPC
SI ;SI;Sin convenio;NO;;;;;;;;;;;GUATIMOZIN;MARCOS JUAREZ;03468-495002/316;30999116163;2475;M;UCR Reelecto
NO;NO;Sin convenio;NO;;;;;;;;;;;GUTEMBERG;RIO SECO;03522-427798;30682234322;691;C;HPC
SI ;SI;Sin convenio;NO;;;;;;;;;;;HERNANDO;TERCERO ARRIBA;0353-4960148 / 328;30999050448;10284;M;UCR
SI ;SI;2018;SI;2018 NO // CON LA RENOVACION CAMBIAN A SI;Pendiente;SI;ENVIO DNRPA 27.8;SI;SI;2018-09-01;SI;SI;SI;HUANCHILLA;JUAREZ CELMAN;03584-492033/ 492242;30999099781;1147;M;HPC
SI ;SI;Sin convenio;NO;;;;;;;;;;;HUERTA GRANDE;PUNILLA;03548-421032 / 421531;30651167198;5933;M;HPC
SI ;SI;Sin convenio;NO;;;;;;;;;;;HUINCA RENANCO;GENERAL ROCA;02336-442410 / 610-494000;30999101492;9487;M;UCR
SI ;SI;2021;SI;SI;SI;SI;SI;SI;;;;;;ICHO CRUZ;PUNILLA;03541-495500;30668261767;1921;M;VECINAL
SI ;SI;2019;SI;SI;SI;SI;ENVIO DNRPA 18.6;SI;SI;SI;SI;SI;Pendiente;IDIAZABAL;UNION;03537-496001 / 150;30677601813;1556;M;HPC
SI ;SI;Sin convenio;NO;;;;;;;;;;;IMPIRA;RIO SEGUNDO;03572-422400;30668448379;163;C;HPC
SI ;SI;2018;SI;NO;SI;SI;ENVIO DNRPA 27.8;SI;SI;2019-01-01;SI;SI;SI;INRIVILLE;MARCOS JUAREZ;03467-480110/481 /javier protto SECRETARIO (03467-15498090);30999121760;3722;M;HPC
SI ;SI;2019;SI;SI;SI;SI;ENVIO DNRPA 18.6;                                                                                         ;SI;;;;;ISLA VERDE;MARCOS JUAREZ;03468-400961/963;30999098556;4390;M;UCR
SI ;SI;2019;SI;NO;SI;SI;ENVIO DNRPA 27.8;SI;SI;2020-02-01;SI;SI;SI;ITALO;GENERAL ROCA;03387-498014/13;30999099161;1120;M;HPC
SI ;SI;Sin convenio;NO;;;;;;;;;;;JAMES CRAIK;TERCERO ARRIBA;0353-4970326 / 204;30999122201;5250;M;VECINAL
SI ;SI;2020;SI;NO;SI;SI;SI;SI;SI;;;;;JESUS MARIA;COLON;03525-443785/443777;30999101328;31864;M;UCR
SI ;SI;Sin convenio;NO;;;;;SI;SI;;;;;JOVITA;GENERAL ROCA;03385-498109 /020;30999115868;4823;M;UCR
SI ;SI;Sin convenio;NO;;;;;SI;SI;;;;;JUSTINIANO POSSE;UNION;03537-431101 / 544 / 432708;33689759519;8569;M;UCR Reelecto
SI ;NO;2020;SI;NO;SI;SI;SI;;;;;;;KILOMETRO 658;RIO PRIMERO;03574-499825;30668561310;1033;C;HPC
SI ;SI;2019;SI;SI;SI;SI;ENVIO DNRPA 27.8;;;SI;Pendiente;Pendiente;Pendiente;LA BATEA;CRUZ DEL EJE;03549-492048;30999038715;180;C;UCR
SI ;SI;2020;SI;N0;SI;SI;SI;SI;SI;;;;;LA CALERA;COLON;03543-469660/662;30999050138;32227;M;HPC
SI ;SI;2018;SI;SI;SI;SI;ENVIO DNRPA 18.6;SI;;SI;Pendiente;Pendiente;Pendiente;LA CARLOTA;JUAREZ CELMAN;03584-429681/2;30669126448;12722;M;HPC
SI ;SI WEB;Sin convenio;NO;;;;;SI;SI;SI;Pendiente;Pendiente;Pendiente;"LA CAROLINA ""EL POTOSI""";RIO CUARTO;0358-4801017;30999100402;165;C;UCR
SI ;SI;Sin convenio;NO;;;;;;;;;;;LA CAUTIVA;RIO CUARTO;03583-491142;30668752531;1014;M;UCR
SI ;SI;2019;SI;NO;SI;SI;ENVIO DNRPA 18.6;SI;SI;2020-12-01;SI;SI;SI;LA CESIRA;ROQUE SAENZ PEÑA;03382-491232;30999101700;1318;M;CORDOBA CAMBIA
SI ;SI WEB;2019;SI;NO;SI;SI;ENVIO DNRPA 27.8;SI;;SI;Pendiente;SI;Pendiente;LA CRUZ;CALAMUCHITA;03546-494144;30999025575;1551;M;UCR
SI ;SI;2018;SI;2018 NO // CON LA RENOVACION CAMBIAN A SI;SI;SI;SI;SI;SI;2019-02-01;SI;SI;SI;LA CUMBRE;PUNILLA;03548-452880/452334;30681015740;7761;M;HPC
SI ;SI;Baja de convenio 01.01.2021;SI;NO RENUEVAN EL CONVENIO. BAJA A PARTIR DEL 01.01.2021;SI;SI;ENVIO DNRPA 27.8;SI;;SI;Pendiente;SI;Pendiente;LA CUMBRECITA;CALAMUCHITA;03546-481051;30999025338;776;C;HPC
SI ;SI;Sin convenio;NO;;;;;SI;;;;;;LA FALDA;PUNILLA;03548-421610 / 425983;30654689403;16379;M;UCR
SI ;SI;2019;SI;NO;SI;SI;ENVIO DNRPA 18.6;SI;SI;2019-01-01;SI;SI;SI;LA FRANCIA;SAN JUSTO;03564-471360 / 230;33678663609;3804;M;HPC
SI ;SI;2019;SI;SI;SI;SI;ENVIO DNRPA 27.8;SI;SI;SI;Pendiente;Pendiente;Pendiente;LA GRANJA;COLON;03525-491212 /491456;30668557879;3182;M;HPC
SI ;NO;Sin convenio;NO;;;;;;;;;;;LA HIGUERA;CRUZ DEL EJE;03542-490445;30999114187;411;C;HPC
SI ;SI;2018;SI;SI;SI;SI;ENVIO DNRPA 27.8;SI;SI;SI;Pendiente;Pendiente;Pendiente;LA LAGUNA;GENERAL SAN MARTIN;0353-4880011;30685335642;1524;M;UCR
NO;SI;Sin convenio;NO;;;;;;;;;;;LA PAISANITA;SANTA MARIA;03547 488541;30669355463;155;C;UCR
SI ;SI;2019;SI;NO;SI;SI;ENVIO DNRPA 18.6;SI;SI;2018-11-01;SI;SI;SI;LA PALESTINA;GENERAL SAN MARTIN;0353-4887044/353-4240216;30682273352;502;M;UCR
SI ;SI;Sin convenio;NO;;;;;SI;SI;;;;;LA PAMPA;TOTORAL;03525-492100;30651153278;952;C;HPC
SI ;SI;2019;SI;NO;SI;SI;ENVIO DNRPA 18.6;SI;SI;2019-02-01;SI;SI;SI;LA PAQUITA;SAN JUSTO;03562-495009-495246;30999131863;964;M;HPC
SI ;SI;2018;SI;2018 SI // CON LA RENOVACION CAMBIAN A NO;Pendiente;SI;ENVIO DNRPA 27.8;SI;SI;SI;Pendiente;Pendiente;Pendiente;LA PARA;RIO PRIMERO;03575-491001/28;30669246893;3489;M;HPC
SI ;SI;2019;SI;SI;SI;SI;ENVIO DNRPA 27.8;SI;;SI;Pendiente;SI;Pendiente;LA PAZ;SAN JAVIER;03544-496010/496227;30689768241;3580;M;HPC
NO;NO;Sin convenio;NO;;;;;;;;;;;LA PLAYA;MINAS;03542-471001;30999062691;220;C;HPC
SI ;SI;Sin convenio;NO;;;;;SI;SI;;;;;LA PLAYOSA;GENERAL SAN MARTIN;0353-4899222;30669245595;2757;M;HPC
NO;NO;Sin convenio;NO;;;;;;;;;;;LA POBLACION;SAN JAVIER;03544-482058 // 03544 - 482475;30680975678;535;C;HPC
SI ;SI;Sin convenio;NO;;;;;SI;;;;;;LA POSTA;RIO PRIMERO;03575-490414;30999132541;241;C;HPC
SI ;SI;Sin convenio;NO;;;;;SI;SI;2020-04-01;SI;SI;SI;LA PUERTA;RIO PRIMERO;03575-422040;30681009465;2185;M;UCR
NO;NO;Sin convenio;NO;;;;;;;;;;;LA QUINTA;RIO PRIMERO;03575-480518;30685338781;208;C;HPC
SI ;NO;Sin convenio;NO;;;;;;;;;;;LA RANCHERITA Y LAS CASCADAS;SANTA MARIA;03547-488773/03547-15503833;33678730969;350;C;HPC
SI ;NO;2019;SI;SI;SI;SI;ENVIO DNRPA 27.8;SI;SI;SI;Pendiente;SI;Pendiente;LA RINCONADA;RIO SECO;03522-422185;30682282777;217;C;FDT
NO;NO;Sin convenio;NO;;;;;;;;;;;LA SERRANITA;SANTA MARIA;03547-492638-4887;30669149618;436;C;HPC
SI ;SI WEB;2018;SI;SI;SI;SI;ENVIO DNRPA 27.8;SI;SI;2018-09-01;SI;SI;SI;LA TORDILLA;SAN JUSTO;03576-496011;30999063515;1257;M;HPC
SI ;SI;Sin convenio;NO;;;;;SI;SI;2019-01-01;SI;SI;SI;LABORDE;UNION;03537-460130;30999098793;5957;M;UCR
SI ;SI;Sin convenio;NO;;;;;SI;SI;;;;;LABOULAYE;ROQUE SAENZ PEÑA;03385-427585 int. 107;33999018519;20658;M;UCR
SI ;SI;2018;SI;NO;Pendiente;SI;ENVIO DNRPA 18.6;;;2018-12-01;SI;SI;SI;LAGUNA LARGA;RIO SEGUNDO;03572-480303- 480101;30999100577;7487;M;HPC
SI ;SI;2018;SI;SI;SI;SI;ENVIO DNRPA 27.8;SI;SI;2020-04-01;SI;SI;SI;LAS ACEQUIAS;RIO CUARTO;0358-4890008 / 5;30669122248;2544;M;HPC
SI ;SI;Sin convenio;NO;;;;;;;;;;;LAS ALBAHACAS;RIO CUARTO;0358-4919503/4623134;30668352975;342;C;CORDOBA CAMBIA
SI ;SI;2018;SI;SI;SI;SI;ENVIO DNRPA 27.8;SI;SI;2019-01-01;SI;SI;SI;LAS ARRIAS;TULUMBA;03522-493176 ;33668654989;1179;M;JUNTOS POR ARRIAS
SI ;SI;2020;SI;SI;SI;SI;SI;SI;;;;;;LAS BAJADAS;CALAMUCHITA;03571-437009 o 437025;30668676541;141;C;UCR
SI ;SI;2020;SI;SI;SI;SI;SI;SI;;SI;SI;SI;Pendiente;LAS CALERAS;CALAMUCHITA;0358-4887720;30669239455;268;C;PAÍS
SI ;SI WEB;No Vigente;SI;Pendiente;Pendiente;Pendiente;Pendiente;;;SI;Pendiente;Pendiente;Pendiente;LAS CALLES;SAN ALBERTO;03544-495132;30668564212;700;C;HPC
NO;NO;No Vigente;SI;Pendiente;Pendiente;Pendiente;Pendiente;SI;;;;;;LAS CAÑADAS;CRUZ DEL EJE;03548-443001;30680988745;272;C;UCR
SI ;SI;2021;SI;SI;SI;SI;SI;;;;;;;LAS GRAMILLAS;RIO PRIMERO;03576-499318;30999051509;109;C;UCR
SI ;SI;Sin convenio;NO;;;;;SI;;SI;Pendiente;Pendiente;Pendiente;LAS HIGUERAS;RIO CUARTO;0358-4970006;33668640139;6202;M;VECINAL
SI ;SI;Sin convenio;NO;;;;;;;;;;;LAS ISLETILLAS;TERCERO ARRIBA;0353-4871001;30703376793;190;C;VECINAL
SI ;SI;Sin convenio;NO;;;;;;;;;;;LAS JUNTURAS;RIO SEGUNDO;03532-492096;30669240542;1748;M;UCR
SI ;SI;Sin convenio;NO;;;;;;;;;;;LAS PALMAS;POCHO;03542-420192 ( cab. publica);30999132479;123;C;CAMBIEMOS
SI ;SI;2019;SI;SI;SI;SI;ENVIO DNRPA 27.8;SI;SI;SI;SI;SI;Pendiente;LAS PEÑAS;TOTORAL;03524-492100;30668655110;1664;M;HPC
SI ;SI;2019;SI;SI;SI;SI;ENVIO DNRPA 27.8;SI;;SI;SI;SI;Pendiente;LAS PEÑAS SUD;RIO CUARTO;0353-4879020;30999050510;148;C;UNITE POR LA LIBERTAD Y LA DIGNIDAD
SI ;SI;Sin convenio;NO;;;;;SI;SI;;;;;LAS PERDICES;TERCERO ARRIBA;0353-490000-4940233;30659361511;5144;M;HPC
SI ;NO;2019;SI;SI;SI;SI;ENVIO DNRPA 27.8;;;SI;Pendiente;SI;Pendiente;LAS PLAYAS;CRUZ DEL EJE;0354-422114-424672;30669254535;962;C;UCR
SI;NO;2021;SI;SI;SI;SI;SI;;;;;;;LAS RABONAS;SAN ALBERTO;03544-499025;30677598286;703;C;HPC
SI ;SI WEB;Sin convenio;NO;;;;;;;;;;;LAS SALADAS;RIO PRIMERO;;30669243371;134;C;UCR
SI ;SI;No Vigente;SI;Pendiente;Pendiente;Pendiente;Pendiente;SI;;SI;Pendiente;Pendiente;Pendiente;LAS TAPIAS;SAN JAVIER;03544-483037 // 03544 483089;30669190898;1936;M;HPC
SI ;SI;Sin convenio;NO;;;;;;;;;;;LAS VARAS;SAN JUSTO;03533-495133 / 223;30669188338;1320;M;JUNTOS POR LAS VARAS
SI ;SI;2021;SI;SI;SI;SI;SI;;;2019-03-01;SI;SI;SI;LAS VARILLAS;SAN JUSTO;03533-422150/151/152 / 4-56200/4-21362/4-55900;30999101255;16316;M;VECINAL
SI ;SI;Sin convenio;NO;;;;;SI;;;;;;LAS VERTIENTES;RIO CUARTO;0358-4914137 / 150;30668761719;766;M;UCR
SI ;SI WEB;Sin convenio;NO;;;;;;;;;;;LEGUIZAMON;ROQUE SAENZ PEÑA;03382-491354;30999066344;55;C;HPC
SI ;SI;Sin convenio;NO;;;;;;;2019-01-01;SI;SI;SI;LEONES;MARCOS JUAREZ;03472-481088 / 405 / 484100 ;33680973909;10529;M;HPC
SI ;NO;2019;SI;SI;SI;SI;ENVIO DNRPA 27.8;;;SI;Pendiente;SI;Pendiente;LOS CEDROS;SANTA MARIA;03547-489905/489976;30669245110;1092;C;HPC
SI ;SI;2018;SI;2018 NO // CON LA RENOVACION CAMBIAN A SI;SI;SI;ENVIO DNRPA 27.8;;;;;;;LOS CERRILLOS;SAN JAVIER;03544-490007;30668543193;2306;M;HPC
NO;NO;Sin convenio;NO;;;;;;;;;;;LOS CHAÑARITOS;CRUZ DEL EJE;03549-422481;30685354787;219;C;VECINAL
SI ;SI ;2019;SI;SI;SI;SI;ENVIO DNRPA 18.6;;;;;;;LOS CHAÑARITOS;RIO SEGUNDO;03576-498098;30999099234;564;C;
SI ;SI;No Vigente;SI;Pendiente;Pendiente;Pendiente;Pendiente;SI;;SI;Pendiente;Pendiente;Pendiente;LOS CISNES;JUAREZ CELMAN;03584-493006;30999045606;563;M;HPC
SI ;SI;Sin convenio;NO;;;;;;;;;;;LOS COCOS;PUNILLA;03548-492025/492262;30999051126;1245;M;CORDOBA CAMBIA
SI ;SI;Sin convenio;NO;;;;;;;;;;;LOS CONDORES;CALAMUCHITA;03571-493313/12;33669240169;2964;M;UCR
SI ;SI;2019;SI;SI;SI;SI;ENVIO DNRPA 27.8;;;SI;Pendiente;SI;Pendiente;LOS HORNILLOS;SAN JAVIER;03544-499019 // 03544 499019;30682240462;1228;C;HPC
SI ;SI;2019;SI;SI;SI;SI;SI;SI;SI;SI;Pendiente;SI;Pendiente;LOS HOYOS;RIO SECO;03522-422266 // 03522 - 15427799;30682321403;279;C;HPC
SI ;NO;2020;SI;NO;SI;SI;SI;;;;;;;LOS MISTOLES;TOTORAL;03525-422497;33668677849;187;C;HPC
SI ;SI;2018;SI;SI;Pendiente;SI;ENVIO DNRPA 18.6;SI;SI;SI;Pendiente;SI;Pendiente;LOS MOLINOS;CALAMUCHITA;03547-492124 / 03547 - 578388;30668550467;338;C;O/P Reelecto
NO;NO;No Vigente;SI;Pendiente;SI;Pendiente;Pendiente;;;SI;Pendiente;SI;Pendiente;LOS POZOS;ISCHILIN;03546-492001;30668746701;95;C;Vecinal
;;;;;;;;;;;;;;LOS REARTES;CALAMUCHITA;;;1426;C;UCR
SI ;SI;2018;SI;2018 NO // CON LA RENOVACION CAMBIAN A SI;Pendiente;SI;ENVIO DNRPA 18.6;SI;SI;2018-09-01;SI;SI;SI;LOS SURGENTES;MARCOS JUAREZ;03467-495017 / 5132;30669249485;2795;M;HPC
NO;NO;Sin convenio;NO;;;;;;;;;;;LOS TALARES;POCHO;;30668670675;157;C;PRO
SI ;SI;Sin convenio;NO;;;;;SI;SI;;;;;LOS ZORROS;TERCERO ARRIBA;0353-4841010;30677576487;512;M;UCR
NO;NO;Sin convenio;NO;;;;;SI;SI;;;;;LOZADA;SANTA MARIA;03572-492032/492196;33999114569;1041;M;HPC
SI ;SI;Sin convenio;NO;;;;;;;;;;;LUCA;GENERAL SAN MARTIN;0353-4872008;30680952406;563;M;HPC
SI ;SI;Sin convenio;NO;;;;;;;;;;;LUCIO V. MANSILLA;TULUMBA;03521-493002;33999246619;881;M;HPC
SI ;SI;2020;SI;NO;SI;SI;SI;SI;SI;SI;SI;Pendiente;Pendiente;LUQUE;RIO SEGUNDO;03573-480348 / 113;30668692164;6281;M;UCR
SI ;SI;2021;SI;SI;SI;SI;SI;SI;;SI;Pendiente;Pendiente;Pendiente;LUTTI;CALAMUCHITA;03546-472001;30669245668;183;C;UCR
SI ;SI;2018;SI;SI;SI;SI;ENVIO DNRPA 27.8;SI;SI;2018-12-01;SI;SI;SI;LUYABA;SAN JAVIER;03544-497111;30637237159;1595;C;HPC
SI ;SI WEB;Sin convenio;NO;;;;;;;;;;;MALAGUEÑO;SANTA MARIA;0351-4981185/86/4982002 // Registro: 0351- 4981643;30669114989;13102;M;HPC
NO;NO;Sin convenio;NO;;;;;;;;;;;MALENA;RIO CUARTO;03582-496014;30678660635;368;C;Vecinal
SI ;SI;Sin convenio;NO;;;;;;;;;;;MALVINAS ARGENTINAS;COLON;0351-4997526 / 4997694;30677630678;12581;M;HPC
SI ;SI;2019;SI;SI;SI;SI;ENVIO DNRPA 27.8;SI;SI;2018-10-01;SI;SI;SI;MANFREDI;RIO SEGUNDO;03572-493024;30681019495;964;M;HPC
NO;NO;Sin convenio;NO;;;;;;;;;;;MAQUINISTA GALLINI;RIO PRIMERO;03575-427799;30999065739;69;C;UCR
SI ;SI;Sin convenio;NO;;;;;;;2019-03-01;SI;SI;SI;MARCOS JUAREZ;MARCOS JUAREZ;03472-456030 - 615;30657956550;27071;M;PRO
SI ;SI;2020;SI;NO;Pendiente;SI;ENVIO DNRPA 27.8;SI;SI;2019-03-01;SI;SI;SI;MARULL;SAN JUSTO;03563-492030;30689784484;1799;M;HPC
SI ;SI;2018;SI;NO;Pendiente;SI;ENVIO DNRPA 27.8;;;;;;;MATORRALES;RIO SEGUNDO;03573-493030/70;30999138965;981;M;HPC
SI ;SI;No Vigente;SI;Pendiente;SI;Pendiente;Pendiente;SI;;SI;Pendiente;SI;Pendiente;MATTALDI;GENERAL ROCA;03583-481578/579;30678671726;1842;M;UCR
SI ;SI;2021;SI;NO;SI;SI;SI;;;;;;;MAYU SUMAJ;PUNILLA;03541-496281;30668561868;1383;C;HPC
SI ;SI;No Vigente;SI;Pendiente;Pendiente;Pendiente;Pendiente;;;;;;;MEDIA NARANJA;CRUZ DEL EJE;03549-424000;30668758262;936;C;HPC
SI ;SI;2018;SI;2018 NO // CON LA RENOVACION CAMBIAN A SI;Pendiente;SI;ENVIO DNRPA 27.8;SI;SI;2018-09-01;SI;SI;SI;MELO;ROQUE SAENZ PEÑA;03385-492055-492109;30682253777;1254;M;HPC
SI ;SI;Sin convenio;NO;;;;;SI;SI;SI;Pendiente;SI;Pendiente;MENDIOLAZA;COLON;03543-644801/644696 ;30682271139;10317;M;UCR
SI ;SI;Sin convenio;NO;;;;;SI;SI;;;;;MI GRANJA;COLON;0351-4917550;30653277934;2149;M;HPC
SI ;SI;2018;SI;SI;SI;SI;ENVIO DNRPA 27.8;;;SI;Pendiente;SI;Pendiente;MINA CLAVERO;SAN ALBERTO;03544-470473 int. 800/531;30669153151;9434;M;HPC
SI ;SI;Sin convenio;NO;;;;;;;SI;Pendiente;Pendiente;Pendiente;MIRAMAR;SAN JUSTO;03563-493003;33999063069;2212;M;HPC
SI;NO;Sin convenio;NO;;;;;SI;SI;;;;;MONTE BUEY;MARCOS JUAREZ;03467-470157/675;30999101565;6285;M;UCR
SI ;SI;Sin convenio;NO;;;;;;;2018-12-01;SI;SI;SI;MONTE CRISTO;RIO PRIMERO;0351- 4917179 / 223;30668260159;10332;M;UCR
SI ;SI;Sin convenio;NO;;;;;SI;SI;2021-04-01;SI;SI;;MONTE DE LOS GAUCHOS;RIO CUARTO;03585-492029 / 050;33999063689;694;M;UCR Reelecto
SI ;SI;Sin convenio;NO;;;;;;;;;;;MONTE LEÑA;UNION;03537-482021;30999122066;436;M;UCR
SI ;SI;Sin convenio;NO;;;;;SI;SI;2018-12-01;SI;SI;SI;MONTE MAIZ;UNION;03468-479600/01;30999122139;7478;M;HPC
NO;NO;Sin convenio;NO;;;;;;;;;;;MONTE RALO;SANTA MARIA;03547-493025/003;30999065666;535;M;HPC
SI ;SI;2019;SI;NO;SI;SI;ENVIO DNRPA 18.6;SI;SI;SI;Pendiente;SI;Pendiente;MORRISON;UNION;03537-480104 / 480164;30669163181;3397;M;Vecinal
SI ;SI;Sin convenio;NO;;;;;SI;SI;SI;Pendiente;SI;Pendiente;MORTEROS;SAN JUSTO;03562-402109;30668756979;17124;M;UCR
SI ;SI;2018;SI;SI;SI;SI;ENVIO DNRPA 18.6;;;SI;Pendiente;SI;Pendiente;NICOLAS BRUZONE;GENERAL ROCA;03583-496013/032;30999063205;214;C;HPC
SI ;SI;2019;SI;;Pendiente;SI;ENVIO DNRPA 27.8;SI;SI;2018-12-01;SI;SI;SI;NOETINGER;UNION;03472-470119 / 273;30669251498;4923;M;HPC
SI ;SI;2020;SI;SI;SI;SI;SI;;;;;;;NONO;SAN ALBERTO;03544-498293;30999132614;2408;M;HPC
SI;NO;Sin convenio;NO;;;;;;;2020-07-01;SI;SI;SI;OBISPO TREJO;RIO PRIMERO;03575-497078;30999098246;2497;M;HPC
SI ;SI;2019;SI;SI;SI;SI;ENVIO DNRPA 27.8;SI;SI;SI;Pendiente;Pendiente;Pendiente;OLAETA;JUAREZ CELMAN;0358-4915247;30999050820;644;M;HPC
SI ;SI;Sin convenio;NO;;;;;SI;SI;2018-10-01;SI;SI;SI;OLIVA;TERCERO ARRIBA;03532-410045;30668555272;11809;M;UCR
NO;NO;Sin convenio;NO;;;;;;;;;;;OLIVARES DE SAN NICOLAS;ISCHILIN;03549-424863;30668755816;615;C;UCR
SI ;SI;2019;SI;SI;SI;SI;ENVIO DNRPA 27.8;;;SI;Pendiente;SI;Pendiente;ONAGOITY;GENERAL ROCA;03387-491430;30999016916;63;C;UCR Reelecto
SI ;SI;Sin convenio;NO;;;;;;;2019-01-01;SI;SI;SI;ONCATIVO;RIO SEGUNDO;03572-466150 / 146/666;30668256097;13295;M;HPC
SI ;SI;2019;SI;SI;SI;SI;ENVIO DNRPA 18.6;SI;SI;2019-01-01;SI;SI;SI;ORDOÑEZ;UNION;03537-483200 / 483255;30668848628;2613;M;HPC
SI ;SI WEB;No Vigente;SI;Pendiente;Pendiente;Pendiente;Pendiente;SI;;SI;Pendiente;Pendiente;Pendiente;PACHECO DE MELO;JUAREZ CELMAN;03584-427041;30668666139;60;C;HPC
SI ;SI;2019;SI;SI;SI;SI;ENVIO DNRPA 18.6;SI;SI;SI;Pendiente;Pendiente;Pendiente;PAMPAYASTA NORTE;TERCERO ARRIBA;03532 - 491336;33999242419;95;C;HPC
SI ;SI;Sin convenio;NO;;;;;SI;SI;SI;Pendiente;Pendiente;Pendiente;PAMPAYASTA SUD;TERCERO ARRIBA;03532-491041;30669244815;1212;M;UCR
NO;NO;2021;SI;SI;SI;SI;SI;;;;;;;PANAHOLMA;SAN ALBERTO;03544-477390;30668661706;278;C;HPC
SI ;SI;2019;SI;SI;SI;SI;ENVIO DNRPA 27.8;;;SI;SI;SI;Pendiente;PARQUE CALMAYO;CALAMUCHITA;03547-497819;33999062909;74;C;HPC
SI ;SI;2018;SI;2018 NO // CON LA RENOVACION CAMBIAN A SI;SI;SI;ENVIO DNRPA 27.8;SI;SI;2018-12-01;SI;SI;SI;PASCANAS;UNION;0353-4898802 / 801 - 353 4201179;33999114259;2779;M;HPC
SI ;SI;No Vigente;SI;Pendiente;Pendiente;Pendiente;Pendiente;SI;;2020-02-01;SI;SI;SI;PASCO;GENERAL SAN MARTIN;0353-4885905;30668847702;1201;M;HPC
SI ;SI WEB;Sin convenio;NO;;;;;;;;;;;PASO DEL DURAZNO;JUAREZ CELMAN;0358-4884089;30668558557;55;C;CORDOBA CAMBIA
SI ;SI WEB;2019;SI;SI;SI;SI;ENVIO DNRPA 27.8;SI;SI;SI;SI;SI;Pendiente;PASO VIEJO;CRUZ DEL EJE;03549-495044/67 // 464317;30999038332;32;C;MUP
SI ;SI;Sin convenio;NO;;;;;SI;SI;;;;;PILAR;RIO SEGUNDO;03572-470404 / 112;30668747244;14809;M;UCR
SI ;SI;2018;SI;2018 NO // CON LA RENOVACION CAMBIAN A SI;SI;SI;ENVIO DNRPA 18.6;SI;SI;SI;Pendiente;SI;Pendiente;PINCEN;GENERAL ROCA;02336-491050 / 02302-535374;30999045843;254;C;UNITE
SI ;SI WEB;Sin convenio;NO;;;;;SI;SI;01/05/2021;SI;SI;SI;PIQUILLIN;RIO PRIMERO;03574-494002 / 107 / 231;30681010242;1364;M;UCR
SI ;SI;Sin convenio;NO;;;;;;;;;;;PLAZA DE MERCEDES;RIO PRIMERO;03575-422200/ 422;30669201202;67;C;HPC
SI ;SI WEB;Sin convenio;NO;;;;;SI;SI;SI;;;;PLAZA LUXARDO;SAN JUSTO;;30669188028;195;C;HPC
SI ;SI;Baja de convenio enero 2020;NO;;;;;SI;SI;;;;;PORTEÑA;SAN JUSTO;03564-450112 / 113 / 451127 / 451155;30685355910;5439;M;HPC
SI ;SI;No Vigente;SI;Pendiente;SI;Pendiente;Pendiente;;;SI;Pendiente;SI;Pendiente;POTRERO DE GARAY;SANTA MARIA; 03571- 500114;30999228328;1323;C;FE
SI ;SI;Sin convenio;NO;;;;;;;2020-11-01;SI;SI;SI;POZO DEL MOLLE;RIO SEGUNDO;0353-4868602/357 - 353 154134012 Laura;33682240399;5718;M;HPC
SI ;SI;2018;SI;2018 SI // CON LA RENOVACION CAMBIAN A NO;SI;SI;ENVIO DNRPA 18.6;SI;SI;SI;Pendiente;SI;Pendiente;POZO NUEVO;SOBREMONTE;03522-477006;30668834708;468;C;UCR
SI ;SI;2019;SI;SI;SI;SI;ENVIO DNRPA 18.6;SI;SI;01/09/2021;SI;SI;;PUEBLO ITALIANO;UNION;03463-497071/ 091;33682304419;1662;M;VECINAL
SI ;NO;No Vigente;SI;Pendiente;SI;Pendiente;Pendiente;;;SI;Pendiente;SI;Pendiente;PUESTO DE CASTRO;RIO SECO;03522-422190 (Cabina Publica);33668668289;172;C;HCC
SI ;SI WEB;Sin convenio;NO;;;;;SI;;;;;;PUNTA DEL AGUA;TERCERO ARRIBA;0353-4876000;30669170072;175;C;HPC
SI ;SI;2019;SI;NO;SI;SI;ENVIO DNRPA 18.6;;;2018-10-01;SI;SI;SI;QUEBRACHO HERRADO;SAN JUSTO;03564-495011/3564- 671350;30999075696;388;M;HPC
SI (NO TENEMOS COPIA CONVENIO);NO;2020;SI;NO;SI;SI;SI;;;SI;Pendiente;SI;Pendiente;QUILINO;ISCHILIN;03521-498002/398;30681009392;5262;M;HPC
SI ;SI;2019;SI;SI;SI;SI;ENVIO DNRPA 27.8;;;SI;SI;SI;Pendiente;RAFAEL GARCIA;SANTA MARIA;03547-402374;30668753694;565;C;HPC
SI ;SI WEB;2019;SI;SI;SI;SI;ENVIO DNRPA 27.8;;;SI;Pendiente;SI;Pendiente;RANQUELES;GENERAL ROCA;02336 440543;30678712678;67;C;HPC
NO;NO;No Vigente;SI;Pendiente;SI;Pendiente;Pendiente;;;SI;Pendiente;SI;Pendiente;RAYO CORTADO;RIO SECO;03522-422195;30999097320;691;C;HPC
SI ;SI;No Vigente;SI;Pendiente;Pendiente;Pendiente;Pendiente;;;SI;Pendiente;Pendiente;Pendiente;REDUCCION;JUAREZ CELMAN;0358-4884016/051;30680965710;1742;M;HPC
SI ;SI;2018;SI;SI;SI;SI;ENVIO DNRPA 18.6;;;;;;;RINCON;RIO SEGUNDO;03573-427712;30668760100;540;C;HPC
SI ;SI;Sin convenio;NO;;;;;SI;SI;;;;;RIO CEBALLOS;COLON;03543-451502/451241 int. 18;30668413958;20242;M;HPC
SI ;SI;Sin convenio;NO;;;;;;;2019-03-01;SI;SI;SI;RIO CUARTO;RIO CUARTO;0358-4671376/965 - 4671107-0358- 4671965 -0358-4768490 int 155;30999050685;158298;M;HPC
SI ;SI;Sin convenio;NO;;;;;;;;;;;RIO DE LOS SAUCES;CALAMUCHITA;0358-4917126;30668659310;1326;M;UCR
SI ;SI;2019;SI;NO;SI;SI;ENVIO DNRPA 27.8;SI;SI;2019-05-01;SI;SI;SI;RIO PRIMERO;RIO PRIMERO;03574-420140  / 420402 - 42065;30999067642;7389;M;HPC
SI ;NO;Sin convenio;NO;;;;;SI;;2020-08-01;SI;SI;SI;RIO SEGUNDO;RIO SEGUNDO;03572-425505-425522 ;30999014794;20427;M;HPC
SI ;SI;Sin convenio;NO;;;;;;;;;;;RIO TERCERO;TERCERO ARRIBA;03571-421326 / 421351;30999229790;46800;M;UCR
SI ;SI;Sin convenio;NO;;;;;;;;;;;RIOBAMBA;ROQUE SAENZ PEÑA;03385-494006;30668757347;105;C;HPC
SI ;SI;2021;SI;SI;SI;SI;SI;SI;SI;2021-01-01;SI;SI;SI;ROSALES;ROQUE SAENZ PEÑA;03385-493098/63;30682306250;535;M;CORDOBA CAMBIA
NO;NO;No Vigente;SI;Pendiente;SI;Pendiente;Pendiente;SI;SI;SI;Pendiente;SI;Pendiente;ROSARIO DEL SALADILLO;TULUMBA;03575-422099;33669140229;178;C;HPC
SI ;SI;2021;SI;NO;SI;;SI;SI;SI;SI;Pendiente;Pendiente;Pendiente;SACANTA;SAN JUSTO;03533-492222 / 2 50;30681027064;3134;M;UCR
NO;NO;Sin convenio;NO;;;;;;;;;;;SAGRADA FAMILIA;RIO PRIMERO;03574-420174;30999115620;151;C;UCR
SI ;SI;No Vigente;SI;Pendiente;Pendiente;Pendiente;Pendiente;SI;SI;;;;;SAIRA;MARCOS JUAREZ;03472-493026-493222;30668451132;812;M;HPC
SI ;SI;2018;SI;SI;SI;SI;ENVIO DNRPA 27.8;;;;;;;SALADILLO;MARCOS JUAREZ;03467-493005;30999012333;186;C;HPC
SI ;SI;2020;SI;NO;SI;SI;SI;SI;SI;SI;Pendiente;SI;Pendiente;SALDAN;COLON;03543-494399;30678681063;10606;M;HPC
SI ;SI;2018;SI;2018 NO // CON LA RENOVACION CAMBIAN A SI;SI;SI;ENVIO DNRPA 27.8;;;2018-10-01;SI;SI;SI;SALSACATE;POCHO;03542-420107;30678707909;1728;M;UCR
SI ;SI;No Vigente;SI;Pendiente;Pendiente;Pendiente;Pendiente;SI ;SI;SI;Pendiente;SI;Pendiente;SALSIPUEDES;COLON;03543-492225;30999051746;9842;M;VECINAL
SI ;SI;Sin convenio;NO;;;;;SI;;2020-10-01;SI;SI;SI;SAMPACHO;RIO CUARTO;03582-429610 // 411610;30999099544;7846;M;FE
SI ;SI;2018;SI;SI;SI;SI;ENVIO DNRPA 18.6;SI;;2020-01-01;SI;SI;SI;SAN AGUSTIN;CALAMUCHITA;03547-491148/035 - CEL: 351 5919051/;30678652063;3732;M;HPC
SI ;SI;No Vigente;SI;Pendiente;SI;Pendiente;Pendiente;SI;;;;;;SAN ANTONIO DE ARREDONDO;PUNILLA;03541-496493 -496068 - 496250;30668243858;3930;M;HPC
SI ;SI;No Vigente;SI;Pendiente;SI;Pendiente;Pendiente;SI;SI;2019-04-01;SI;SI;SI;SAN ANTONIO DE LITIN;UNION;03537-497044;30999051819;1314;M;HPC
SI ;SI;Sin convenio;NO;;;;;;;2020-02-01;SI;SI;SI;SAN BASILIO;RIO CUARTO;03585-491010 / 110 / 111;30668553741;3225;M;UCR Reelecto
SI ;SI;2018;SI;SI;SI;SI;ENVIO DNRPA 27.8;;;2021-02-01;SI;SI;SI;SAN CARLOS MINAS;MINAS;03542-491155/203 - 03542-466777 / 03542 49-1100;30681021880;1713;M;HPC
NO;NO;No Vigente;SI;Pendiente;SI;Pendiente;Pendiente;;;SI;Pendiente;SI;Pendiente;SAN CLEMENTE;SANTA MARIA;03547-402176;30999045533;240;C;UCR
SI ;SI WEB;2019;SI;SI;SI;SI;ENVIO DNRPA 27.8;;;;;;;SAN ESTEBAN;PUNILLA; ;30999057922;857;M;HPC
SI ;SI;Sin convenio;NO;;;;;;;2018-12-01;SI;SI;SI;SAN FRANCISCO;SAN JUSTO;03564-439190/91/92/439111;30682254218;62211;M;HPC
SI ;SI;2019;SI;NO;SI;SI;ENVIO DNRPA 27.8;SI;SI;SI;Pendiente;Pendiente;Pendiente;SAN FRANCISCO DEL CHAÑAR;SOBREMONTE;03522-497050;30669250718;2506;M;HPC
NO;NO;2021;SI;SI;SI;SI;SI;;;;;;;SAN JERONIMO;POCHO;03542-420100;30668652839;1825;C;HPC
SI ;SI;2019;SI;NO;SI;SI;ENVIO DNRPA 18.6;SI;SI;SI;SI;SI;Pendiente;SAN IGNACIO;CALAMUCHITA;03546-493018;33669244059;602;C;HPC
SI ;SI;2019;SI;SI;SI;SI;ENVIO DNRPA 27.8;SI;;SI;Pendiente;Pendiente;Pendiente;SAN JAVIER Y YACANTO;SAN JAVIER;03544-482077 / 041;30668770823;247;M;HPC
SI ;SI;Sin convenio;NO;;;;;;;;;;;SAN JOAQUIN;ROQUE SAENZ PEÑA;(03385) 490243 // (03385) 15525757;33633885899;140;C;HPC
SI ;SI WEB;2018;SI;SI;SI;SI;ENVIO DNRPA 27.8;SI;;SI;Pendiente;SI;Pendiente;SAN JOSE;SAN JAVIER;03544-493060/;30999133157;2591;M;HPC
SI ;SI;2019;SI;SI;SI;SI;ENVIO DNRPA 27.8;;;2021-01-01;SI;SI;SI;SAN JOSE DE LA DORMIDA;TULUMBA;03521-497370/7277;30687572722;4510;M;MUC
SI ;NO;2018;SI;SI;SI;SI;ENVIO DNRPA 18.6;SI;SI;;;;;SAN JOSE DE LAS SALINAS;TULUMBA;03521-498140;30669246583;777;M;VECINAL
SI ;SI;2019;SI;SI;SI;SI;ENVIO DNRPA 27.8;;;SI;Pendiente;SI;Pendiente;SAN LORENZO;SAN ALBERTO;03544-471351;30668547229;1045;C;HPC
SI ;SI;2020;SI;NO;SI;SI;SI;SI;SI;SI;SI;SI;Pendiente;SAN MARCOS SIERRAS;CRUZ DEL EJE;03549-496137/496160;33668256479;2199;M;HPC
SI ;SI;Sin convenio;NO;;;;;SI;;;;;;SAN MARCOS SUD;UNION;03537-498191/200;30669239765;3145;M;HPC
SI ;SI;No Vigente;SI;Pendiente;Pendiente;Pendiente;Pendiente;SI;;SI;Pendiente;Pendiente;Pendiente;SAN PEDRO;SAN ALBERTO;03544-421219/424913;30682250875;4624;M;HPC
SI ;NO;2019;SI;SI;SI;SI;ENVIO DNRPA 18.6;SI;;SI;SI;SI;Pendiente;SAN PEDRO NORTE;TULUMBA;03521-421516 cabina publica /351 3022534;30678715022;379;M;VECINAL
SI ;SI;No Vigente;SI;SI;SI;Pendiente;SI;;;SI;Pendiente;SI;Pendiente;SAN ROQUE;PUNILLA;03541-448810 // 03541 440739;30669246729;1128;C;HPC
SI ;SI;2021;SI;SI;SI;SI;SI;;;SI;Pendiente;Pendiente;Pendiente;SAN VICENTE;SAN ALBERTO;03544-485074/028;30999100267;1783;C;FRENTE CORDOBA CIUDADANA
SI ;NO;Sin convenio;NO;;;;;SI;SI;;;;;SANTA CATALINA - HOLMBERG;RIO CUARTO;0358-4990145;33682238149;3898;M;HPC
SI ;NO;2019;SI;SI;SI;SI;ENVIO DNRPA 27.8;SI;SI;2018-12-01;SI;SI;SI;SANTA ELENA;RIO SECO;03522-427715;30999097495;296;C;UCR 
SI ;SI;2019;SI;SI;SI;SI;ENVIO DNRPA 27.8;SI;;SI;Pendiente;Pendiente;Pendiente;SANTA EUFEMIA;JUAREZ CELMAN;03584-491003;30668356628;2417;M;HPC
SI ;SI;Sin convenio;NO;;;;;;;;;;;SANTA MARIA DE PUNILLA;PUNILLA;03541-480035/6;30999051983;9691;M;HPC
SI ;SI;2018;SI;2018 SI // CON LA RENOVACION CAMBIAN A NO;SI;SI;ENVIO DNRPA 18.6;SI;;SI;Pendiente;SI;Pendiente;SANTA ROSA DE CALAMUCHITA;CALAMUCHITA;03546-429650/420667/422222;30999038197;12830;M;HPC
SI ;SI WEB;Sin convenio;NO;;;;;SI;;2020-03-01;SI;SI;SI;SANTIAGO TEMPLE;RIO SEGUNDO;03574-497009;30999133084;2787;M;HPC
SI ;NO;2020;SI;NO;SI;SI;SI;;;SI;SI;SI;Pendiente;SARMIENTO;TOTORAL;03525-499049-16;30669165923;1455;M;UCR
SI ;SI;2020;SI;NO;SI;SI;SI;SI;SI;2020-08-01;SI;SI;SI;SATURNINO MARIA LASPIUR;SAN JUSTO;03533-491196 / 286;30669245048;2496;M;Vecinal
SI ;SI;Sin convenio;NO;;;;;;;;;;;SAUCE ARRIBA;SAN ALBERTO;03544-463300;30999132169;749;C;HPC
SI ;SI;Sin convenio;NO;;;;;SI;SI;;;;;SEBASTIAN ELCANO;RIO SECO;03522-15451065;30669192637;2481;M;UCR Reelecto
SI ;SI;Sin convenio;NO;;;;;SI;SI;;;;;SEEBER;SAN JUSTO;03564-450802;33668709139;620;M;HPC
SI ;SI WEB;Sin convenio;NO;;;;;;;;;;;SEGUNDA USINA;CALAMUCHITA;03571 - 4533508;30999050758;170;C;HPC
SI ;SI;2021;SI;SI;SI;SI;SI;;;2019-02-01;SI;SI;SI;SERRANO;ROQUE SAENZ PEÑA;03385-495960 / 61 / 62;30668547393;3209;M;MAV
SI ;SI;Sin convenio;NO;;;;;;;;;;;SERREZUELA;CRUZ DEL EJE;03549-492164;30669358128;2678;M;UCR
SI ;SI;Sin convenio;NO;;;;;SI;SI;2020-08-01;SI;SI;SI;SILVIO PELLICO;GENERAL SAN MARTIN;0353-4874307/08;30682313141;405;M;UCR
SI ;NO;Sin convenio;NO;;;;;;;;;;;SIMBOLAR;TOTORAL;03524-491706;30655431795;350;C;HPC
SI ;SI;2021;SI;NO;SI;SI;SI;SI;SI;2019-04-01;SI;SI;SI;SINSACATE;TOTORAL;03525-402060/1/2;30669096379;1344;M;UCR
SI ;SI WEB;Sin convenio;NO;;;;;;;;;;;SUCO;RIO CUARTO;03582-491006- 471006;30669249558;307;C;HPC
SI ;SI WEB;2021;SI;SI;SI;SI;SI;;;;;;;TALA CAÑADA;POCHO;03542-490607;30682242139;254;C;HPC
SI ;SI;Sin convenio;NO;;;;;;;;;;;TALA HUASI;PUNILLA;03541-495633;33668549069;147;C;VECINAL
NO;NO;Sin convenio;NO;;;;;;;;;;;TALAINI;MINAS;03542-491041;30999051053;123;C;HPC
SI ;SI;2021;SI;NO;SI;SI;SI;SI;SI;2020-03-01;SI;SI;SI;TANCACHA;TERCERO ARRIBA;03571-460101 / 201;30999013569;5309;M;HPC
SI ;SI;Sin convenio;NO;;;;;;;;;;;TANTI;PUNILLA;03541-498170 / 250;30999114322;6841;M;UCR
SI ;SI;Sin convenio;NO;;;;;;;;;;;TICINO;GENERAL SAN MARTIN;0353-4886002/080;30682322493;2207;M;UCR
SI ;SI;Sin convenio;NO;;;;;SI;;;;;;TINOCO;COLON;03574-490811;30999121833;514;C;HPC
SI ;SI;Sin convenio;NO;;;;;;;;;;;TIO PUJIO;GENERAL SAN MARTIN;0353-4881036 - 4881552;30680996624;2676;M;HPC
SI ;SI;Sin convenio;NO;;;;;;;;;;;TOLEDO;SANTA MARIA;0351-4905041 / 040;30669193862;4107;M;HPC
NO;NO;Sin convenio;NO;;;;;SI;SI;;;;;TORO PUJIO;SAN JUSTO;03576-499198-196;30668556953;173;C;UCR
SI ;NO;Sin convenio;NO;;;;;;;;;;;TOSNO;MINAS;03542-491198;30669127053;186;C;HPC
SI ;SI;Sin convenio;NO;;;;;SI;;;;;;TOSQUITA;RIO CUARTO;03583-492052;30669182844;414;M;VECINAL
SI ;SI;2019;SI;SI;SI;SI;ENVIO DNRPA 27.8;SI;SI;2019-03-01;SI;SI;SI;TRANSITO;SAN JUSTO;03576-492111/299;30668543959;3185;M;HPC
SI ;SI;Sin convenio;NO;;;;;;;;;;;TUCLAME;CRUZ DEL EJE;03549-495071;30999097630;;C;HPC
SI ;SI;Sin convenio;NO;;;;;SI;SI;2019-01-01;SI;SI;SI;UCACHA;JUAREZ CELMAN;0353-4901108/4893722/03534183823;30678677384;5167;M;HPC
SI ;SI;2020;SI;NO;SI;SI;SI;;;2020-03-01;SI;SI;SI;UNQUILLO;COLON;03543-488999/206 /137 (Registro Civil);30680962819;18483;M;HPC
SI;NO;Sin convenio;NO;;.;;;;;;;;;VALLE DE ANISACATE;SANTA MARIA;03547-494262;30999027624;487;C;HPC
SI ;SI;2021;SI;NO;SI;SI;SI;;;;;;;VALLE HERMOSO;PUNILLA;03548-470635/ 013;30999115930;6252;M;HPC
SI ;SI;2019;SI;NO;SI;SI;ENVIO DNRPA 27.8;SI;SI;SI;SI;Pendiente;Pendiente;VIAMONTE;UNION;;30999100712;1594;M;HPC
SI ;SI;Sin convenio;NO;;;;;sI;SI;;;;;VICUÑA MACKENNA;RIO CUARTO;03583-484555/484777/666;33650575739;10170;M;UCR
SI ;SI;Sin convenio;NO;;;;;;;;;;;VILLA ALLENDE;COLON;03543-439280/82/83;30668685273;28374;M;PRO
SI ;SI;No Vigente;SI;Pendiente;Pendiente;Pendiente;Pendiente;;;;;;;VILLA AMANCAY;CALAMUCHITA;03546-483030;30999097940;450;C;HPC
SI ;SI;2020;SI;NO;SI;SI;SI;SI;;2021-04-01;SI;SI;SI;VILLA ASCASUBI;TERCERO ARRIBA;03571-498000;30682252541;2355;M;HPC
NO;NO;No Vigente;SI;Pendiente;SI;Pendiente;Pendiente;SI;SI;SI;Pendiente;SI;Pendiente;VILLA CANDELARIA NORTE;RIO SECO;03522-422145;30678647531;280;C;UCR
SI ;SI;Sin convenio;NO;;;;;;;;;;;VILLA CARLOS PAZ;PUNILLA;03541-421801/810-424068 int 20 - Registro Civil 03541 436443;33677600689;62750;M;VECINAL
SI ;SI;2021;SI;SI;SI;SI;SI;SI;SI;;;;;VILLA CERRO AZUL;COLON;03525-493213;30668681766;762;C;HPC
SI ;NO;2019;SI;SI;SI;SI;ENVIO DNRPA 27.8;;;SI;Pendiente;SI;Pendiente;VILLA CIUDAD DE AMERICA;SANTA MARIA;03547-489101-103;30654271034;1165;C;HPC
SI ;SI;2019;SI;NO;SI;SI;ENVIO DNRPA 27.8;SI;SI;SI;Pendiente;Pendiente;Pendiente;VILLA CIUDAD PARQUE LOS REARTES;CALAMUCHITA;03546-486000/486047;30999013631;276;C;VECINAL
SI ;SI;2018;SI;SI;Pendiente;SI;SI;SI;SI;SI;Pendiente;Pendiente;Pendiente;VILLA CONCEPCION DEL TIO;SAN JUSTO;03576-493007/121/493005;30652994543;1886;M;HPC
NO;NO;2021;SI;SI;SI;SI;SI;SI;;SI;Pendiente;Pendiente;Pendiente;VILLA CURA BROCHERO;SAN ALBERTO;03544-472185 / 0351-152350656;30669243134;6351;M;HPC
SI ;SI WEB;2018;SI;SI;SI;SI;SI;;;;;;;VILLA DE LAS ROSAS;SAN JAVIER;03544-494303;30999132789;4116;M;HPC
SI ;SI;2018;SI;SI;Pendiente;SI;ENVIO DNRPA 27.8;;;SI;Pendiente;SI;Pendiente;VILLA DE MARIA;RIO SECO;03522-422202;30669246273;4911;M;HPC
SI ;SI;2021;SI;SI;SI;SI;SI;;;2020-12-01;SI;SI;SI;VILLA DE POCHO;POCHO;03542-490217;30658464147;201;C;UCR
SI ;SI;Sin convenio;NO;;;;;;;;;;;VILLA DE SOTO;CRUZ DEL EJE;03549-480507 / 749;30668685893;9927;M;UCR
SI ;SI;Sin convenio;NO;;;;;SI;;SI;Pendiente;SI;Pendiente;VILLA DEL DIQUE;CALAMUCHITA;03546-497241 / 216;30680951108;3303;M;VECINAL
SI ;SI;Sin convenio;NO;;;;;;;;;;;VILLA DEL PRADO;SANTA MARIA;03547-422543;30999023041;2011;C;UCR
SI ;SI;Sin convenio;NO;;;;;;;;;;;VILLA DEL ROSARIO;RIO SEGUNDO;03573-422321 / 22810;30678650087;15394;M;UCR
SI ;NO;2019;SI;SI;SI;SI;ENVIO DNRPA 27.8;SI;;2021-01-01;SI;SI;SI;VILLA DEL TOTORAL;TOTORAL;03524-471850/51- 471260;30657733365;8439;M;HPC
NO;SI;Sin convenio;NO;;;;;;;;;;;VILLA DOLORES;SAN JAVIER;03544-420889 / 421402 / 422052/425155 /422009 (privada);30669121012;31853;M;FDT
NO;NO;Sin convenio;NO;;;;;;;;;;;VILLA EL CHACAY;RIO CUARTO;0358-4894080/81;30668975034;84;C;UCR 
SI;NO;Sin convenio;NO;;;;;;;;;;;VILLA ELISA;MARCOS JUAREZ;03472-424304;30999131936;26;C;UCR
SI ;NO;2019;SI;NO;SI;SI;ENVIO DNRPA 27.8;;;2021-03-01;SI;SI;SI;VILLA FONTANA;RIO PRIMERO;03575-494022/010;30668656346;939;M;HPC
SI ;SI;2018;SI;NO;Pendiente;SI;SI;;;;;;;VILLA GENERAL BELGRANO;CALAMUCHITA;03546 461333;30999111668;8257;M;HPC
SI ;SI;2019;SI;NO;SI;SI;ENVIO DNRPA 27.8;SI;SI;;;;;VILLA GIARDINO;PUNILLA;03548-491098 / 339;30682273425;6810;M;UCR
NO;NO;Sin convenio;NO;;;;;;;;;;;VILLA GUTIERREZ;ISCHILIN;03525 417965;30668746876;341;C;HPC
SI ;SI;2018;SI;NO;Pendiente;Pendiente;ENVIO DNRPA 27.8;SI;;SI;Pendiente;SI;Pendiente;VILLA HUIDOBRO;GENERAL ROCA;02336-481082/263 - cel: 02362 15699464;33677633269;5658;M;HPC
SI ;NO;2019;SI;NO;SI;SI;ENVIO DNRPA 27.8;;;;;;;VILLA LA BOLSA;SANTA MARIA;03547-494130/494087;30677575634;995;C;HPC
SI;NO;2021;SI;SI;SI;SI;SI;;;;;;;VILLA LOS AROMOS;SANTA MARIA;03547-494060/494322;30668262062;1378;C;UCR
SI ;SI;Sin convenio;NO;;;;;;;;;;;VILLA LOS PATOS;UNION;03537-15444787;30999066727;26;C;Vecinal
SI ;SI;Sin convenio;NO;;;;;;;;;;;VILLA MARIA;GENERAL SAN MARTIN;0353-4618100;30999062837;80006;M;FDT
SI ;SI;Baja de convenio el 17/01/2020;;;;;;;;SI;Pendiente;SI;Pendiente;VILLA NUEVA;GENERAL SAN MARTIN;0353-4910253;30685341855;19362;M;HPC
NO;NO;Sin convenio;NO;;;;;;;;;;;VILLA PARQUE SANTA ANA;SANTA MARIA;03547-481003;30678675543;2861;M;HPC
SI ;SI;Sin convenio;NO;;;;;;;;;;;VILLA PARQUE SIQUIMAN;PUNILLA;03541-440212;30668692474;1888;C;UCR
SI ;SI;No Vigente;SI;Pendiente;SI;Pendiente;Pendiente;;;SI;Pendiente;SI;Pendiente;VILLA QUILLINZO;CALAMUCHITA;03546- 494930 (Polic.de La Cruz);30678667427;79;C;HPC
SI ;SI;No Vigente;SI;Pendiente;SI;Pendiente;Pendiente;SI;;SI;Pendiente;SI;Pendiente;VILLA ROSSI;ROQUE SAENZ PEÑA;03385-497011/028 // 03385 497080;30668742986;515;M;HPC
SI ;SI;Sin convenio;NO;;;;;;;;;;;VILLA RUMIPAL;CALAMUCHITA;03546-498420/1;30999227577;2663;M;HPC
SI ;SI;Sin convenio;NO;;;;;;;;;;;VILLA SAN ESTEBAN;SAN JUSTO;03533-422927;30669210317;82;C;HPC
SI ;SI;Sin convenio;NO;;;;;;;;;;;VILLA SAN ISIDRO;SANTA MARIA;03547-15520716;30685358677;1249;C;HPC
SI ;SI;No Vigente;SI;Pendiente;SI;Pendiente;Pendiente;;;2019-05-01 //// SOLICITAN LA BAJA POR CARTA DOCUMENTO A PARTIR DEL 01/01/2021. EN GESTION CON RENTAS;SI;SI;SI;VILLA SANTA CRUZ DEL LAGO;PUNILLA;03541-494378;33678677839;2472;M;HPC
SI ;SI;Sin convenio;NO;;;;;SI;SI;2020-09-01;SI;SI;SI;VILLA SANTA ROSA;RIO PRIMERO;03574-480210 / 496 / 096 / 396;30999075211;7805;M;UCR
SI ;SI;No Vigente;SI;Pendiente;SI;Pendiente;Pendiente;SI;SI;SI;Pendiente;SI;Pendiente;VILLA SARMIENTO (C);GENERAL ROCA;03583-494001 ;30668745578;373;C;UCR
SI ;SI WEB;Sin convenio;NO;;;;;SI;SI;;;;;VILLA SARMIENTO (M);SAN ALBERTO;03544-420674 / 03544-422164;30999076447;5264;M;HPC
SI ;NO;2020;SI;SI;SI;SI;SI;;;SI;Pendiente;SI;Pendiente;VILLA TULUMBA;TULUMBA;03521-496020;30682255443;1597;M;UCR
SI ;SI;2018;SI;SI;Pendiente;SI;ENVIO DNRPA 18.6;SI;;2018-09-01;SI;SI;SI;VILLA VALERIA;GENERAL ROCA;03583-497022 /3583-414634;30668761883;3002;M;HPC
SI ;SI;2018;SI;SI;SI;SI;ENVIO DNRPA 27.8;SI;;2020-02-01;SI;SI;SI;VILLA YACANTO;CALAMUCHITA;03546-485001/7 ;30668675006;1634;M;HPC
SI ;NO;Sin convenio;NO;;;;;SI;SI;;;;;WASHINGTON;RIO CUARTO;03583-493008 / 03583493077;30669080782;608;C;UCR
SI ;SI;2018;SI;SI;Pendiente;SI;ENVIO DNRPA 18.6;SI;SI;2018-08-01;SI;SI;SI;WENCESLAO ESCALANTE;UNION;03468-497236/130 -03468-15555111;30668237408;1517;M;HPC
;;;;;;;;;;;;;;;;;;;;
;;;;;;;;;;;;;;;;;;;;
;;;;;;;;;;;;;;;;;;;;
;;;;;;;;;;;;;;;;;;;;
;;;;;;;;;;;;;;;;;;;;
;;;;;;;;;;;;;;;;;;;;
;;;;;;;;;;;;;;;;;;;;
;;;;;;;;;;;;;;;;;;;;
;;;;;;;;;;;;;;;;;;;;
;;;;;;;;;;;;;;;;;;;;
;;;;;;;;;;;;;;;;;;;;
;;;;;;;;;;;;;;;;;;;;
;;;;;;;;;;;;;;;;;;;;
;;;;;;;;;;;;;;;;;;;;
;;;;;;;;;;;;;;;;;;;;
;;;;;;;;;;;;;;;;;;;;
;;;;;;;;;;;;;;;;;;;;
;;;;;;;;;;;;;;;;;;;;
;;;;;;;;;;;;;;;;;;;;
;;;;;;;;;;;;;;;;;;;;
;;;;;;;;;;;;;;;;;;;;
;;;;;;;;;;;;;;;;;;;;
;;;;;;;;;;;;;;;;;;;;
;;;;;;;;;;;;;;;;;;;;
;;;;;;;;;;;;;;;;;;;;
;;;;;;;;;;;;;;;;;;;;
;;;;;;;;;;;;;;;;;;;;
;;;;;;;;;;;;;;;;;;;;
;;;;;;;;;;;;;;;;;;;;
;;;;;;;;;;;;;;;;;;;;
;;;;;;;;;;;;;;;;;;;;
;;;;;;;;;;;;;;;;;;;;
;;;;;;;;;;;;;;;;;;;;
;;;;;;;;;;;;;;;;;;;;
;;;;;;;;;;;;;;;;;;;;
;;;;;;;;;;;;;;;;;;;;
;;;;;;;;;;;;;;;;;;;;
;;;;;;;;;;;;;;;;;;;;
;;;;;;;;;;;;;;;;;;;;
;;;;;;;;;;;;;;;;;;;;
;;;;;;;;;;;;;;;;;;;;
;;;;;;;;;;;;;;;;;;;;
;;;;;;;;;;;;;;;;;;;;
;;;;;;;;;;;;;;;;;;;;
;;;;;;;;;;;;;;;;;;;;
;;;;;;;;;;;;;;;;;;;;
;;;;;;;;;;;;;;;;;;;;
;;;;;;;;;;;;;;;;;;;;
;;;;;;;;;;;;;;;;;;;;
;;;;;;;;;;;;;;;;;;;;
;;;;;;;;;;;;;;;;;;;;
;;;;;;;;;;;;;;;;;;;;
;;;;;;;;;;;;;;;;;;;;
;;;;;;;;;;;;;;;;;;;;
;;;;;;;;;;;;;;;;;;;;
;;;;;;;;;;;;;;;;;;;;
;;;;;;;;;;;;;;;;;;;;
;;;;;;;;;;;;;;;;;;;;
;;;;;;;;;;;;;;;;;;;;
;;;;;;;;;;;;;;;;;;;;
;;;;;;;;;;;;;;;;;;;;
;;;;;;;;;;;;;;;;;;;;
;;;;;;;;;;;;;;;;;;;;
;;;;;;;;;;;;;;;;;;;;
;;;;;;;;;;;;;;;;;;;;
;;;;;;;;;;;;;;;;;;;;
;;;;;;;;;;;;;;;;;;;;
;;;;;;;;;;;;;;;;;;;;
;;;;;;;;;;;;;;;;;;;;
;;;;;;;;;;;;;;;;;;;;
;;;;;;;;;;;;;;;;;;;;
;;;;;;;;;;;;;;;;;;;;
;;;;;;;;;;;;;;;;;;;;
;;;;;;;;;;;;;;;;;;;;
;;;;;;;;;;;;;;;;;;;;
;;;;;;;;;;;;;;;;;;;;
;;;;;;;;;;;;;;;;;;;;
;;;;;;;;;;;;;;;;;;;;
;;;;;;;;;;;;;;;;;;;;
;;;;;;;;;;;;;;;;;;;;
;;;;;;;;;;;;;;;;;;;;
;;;;;;;;;;;;;;;;;;;;
;;;;;;;;;;;;;;;;;;;;
;;;;;;;;;;;;;;;;;;;;
;;;;;;;;;;;;;;;;;;;;
;;;;;;;;;;;;;;;;;;;;
;;;;;;;;;;;;;;;;;;;;
;;;;;;;;;;;;;;;;;;;;
;;;;;;;;;;;;;;;;;;;;
;;;;;;;;;;;;;;;;;;;;
;;;;;;;;;;;;;;;;;;;;
;;;;;;;;;;;;;;;;;;;;
;;;;;;;;;;;;;;;;;;;;
;;;;;;;;;;;;;;;;;;;;
;;;;;;;;;;;;;;;;;;;;
;;;;;;;;;;;;;;;;;;;;
;;;;;;;;;;;;;;;;;;;;
;;;;;;;;;;;;;;;;;;;;
;;;;;;;;;;;;;;;;;;;;
;;;;;;;;;;;;;;;;;;;;
;;;;;;;;;;;;;;;;;;;;
;;;;;;;;;;;;;;;;;;;;
;;;;;;;;;;;;;;;;;;;;
;;;;;;;;;;;;;;;;;;;;
;;;;;;;;;;;;;;;;;;;;
;;;;;;;;;;;;;;;;;;;;
;;;;;;;;;;;;;;;;;;;;
;;;;;;;;;;;;;;;;;;;;
;;;;;;;;;;;;;;;;;;;;
;;;;;;;;;;;;;;;;;;;;
;;;;;;;;;;;;;;;;;;;;
;;;;;;;;;;;;;;;;;;;;
;;;;;;;;;;;;;;;;;;;;
;;;;;;;;;;;;;;;;;;;;
;;;;;;;;;;;;;;;;;;;;
;;;;;;;;;;;;;;;;;;;;
;;;;;;;;;;;;;;;;;;;;
;;;;;;;;;;;;;;;;;;;;
;;;;;;;;;;;;;;;;;;;;
;;;;;;;;;;;;;;;;;;;;
;;;;;;;;;;;;;;;;;;;;
;;;;;;;;;;;;;;;;;;;;
;;;;;;;;;;;;;;;;;;;;
;;;;;;;;;;;;;;;;;;;;
;;;;;;;;;;;;;;;;;;;;
;;;;;;;;;;;;;;;;;;;;
;;;;;;;;;;;;;;;;;;;;
;;;;;;;;;;;;;;;;;;;;
;;;;;;;;;;;;;;;;;;;;
;;;;;;;;;;;;;;;;;;;;
;;;;;;;;;;;;;;;;;;;;
;;;;;;;;;;;;;;;;;;;;
;;;;;;;;;;;;;;;;;;;;
;;;;;;;;;;;;;;;;;;;;
;;;;;;;;;;;;;;;;;;;;
;;;;;;;;;;;;;;;;;;;;
;;;;;;;;;;;;;;;;;;;;
;;;;;;;;;;;;;;;;;;;;
;;;;;;;;;;;;;;;;;;;;
;;;;;;;;;;;;;;;;;;;;
;;;;;;;;;;;;;;;;;;;;
;;;;;;;;;;;;;;;;;;;;
;;;;;;;;;;;;;;;;;;;;
;;;;;;;;;;;;;;;;;;;;
;;;;;;;;;;;;;;;;;;;;
;;;;;;;;;;;;;;;;;;;;
;;;;;;;;;;;;;;;;;;;;
;;;;;;;;;;;;;;;;;;;;
;;;;;;;;;;;;;;;;;;;;
;;;;;;;;;;;;;;;;;;;;
;;;;;;;;;;;;;;;;;;;;
;;;;;;;;;;;;;;;;;;;;
;;;;;;;;;;;;;;;;;;;;
;;;;;;;;;;;;;;;;;;;;
;;;;;;;;;;;;;;;;;;;;
;;;;;;;;;;;;;;;;;;;;
;;;;;;;;;;;;;;;;;;;;
;;;;;;;;;;;;;;;;;;;;
;;;;;;;;;;;;;;;;;;;;
;;;;;;;;;;;;;;;;;;;;
;;;;;;;;;;;;;;;;;;;;
;;;;;;;;;;;;;;;;;;;;
;;;;;;;;;;;;;;;;;;;;
;;;;;;;;;;;;;;;;;;;;
;;;;;;;;;;;;;;;;;;;;
;;;;;;;;;;;;;;;;;;;;
;;;;;;;;;;;;;;;;;;;;
;;;;;;;;;;;;;;;;;;;;
;;;;;;;;;;;;;;;;;;;;
;;;;;;;;;;;;;;;;;;;;
;;;;;;;;;;;;;;;;;;;;
;;;;;;;;;;;;;;;;;;;;
;;;;;;;;;;;;;;;;;;;;
;;;;;;;;;;;;;;;;;;;;
;;;;;;;;;;;;;;;;;;;;
;;;;;;;;;;;;;;;;;;;;
;;;;;;;;;;;;;;;;;;;;
;;;;;;;;;;;;;;;;;;;;
;;;;;;;;;;;;;;;;;;;;
;;;;;;;;;;;;;;;;;;;;
;;;;;;;;;;;;;;;;;;;;
;;;;;;;;;;;;;;;;;;;;
;;;;;;;;;;;;;;;;;;;;
;;;;;;;;;;;;;;;;;;;;
;;;;;;;;;;;;;;;;;;;;
;;;;;;;;;;;;;;;;;;;;
;;;;;;;;;;;;;;;;;;;;
;;;;;;;;;;;;;;;;;;;;
;;;;;;;;;;;;;;;;;;;;
;;;;;;;;;;;;;;;;;;;;
;;;;;;;;;;;;;;;;;;;;
;;;;;;;;;;;;;;;;;;;;
;;;;;;;;;;;;;;;;;;;;
;;;;;;;;;;;;;;;;;;;;
;;;;;;;;;;;;;;;;;;;;
;;;;;;;;;;;;;;;;;;;;
;;;;;;;;;;;;;;;;;;;;
;;;;;;;;;;;;;;;;;;;;
;;;;;;;;;;;;;;;;;;;;
;;;;;;;;;;;;;;;;;;;;
;;;;;;;;;;;;;;;;;;;;
;;;;;;;;;;;;;;;;;;;;
;;;;;;;;;;;;;;;;;;;;
;;;;;;;;;;;;;;;;;;;;
;;;;;;;;;;;;;;;;;;;;
;;;;;;;;;;;;;;;;;;;;
;;;;;;;;;;;;;;;;;;;;
;;;;;;;;;;;;;;;;;;;;
;;;;;;;;;;;;;;;;;;;;
;;;;;;;;;;;;;;;;;;;;
;;;;;;;;;;;;;;;;;;;;
;;;;;;;;;;;;;;;;;;;;
;;;;;;;;;;;;;;;;;;;;
;;;;;;;;;;;;;;;;;;;;
;;;;;;;;;;;;;;;;;;;;
;;;;;;;;;;;;;;;;;;;;
;;;;;;;;;;;;;;;;;;;;
;;;;;;;;;;;;;;;;;;;;
;;;;;;;;;;;;;;;;;;;;
;;;;;;;;;;;;;;;;;;;;
;;;;;;;;;;;;;;;;;;;;
;;;;;;;;;;;;;;;;;;;;
;;;;;;;;;;;;;;;;;;;;
;;;;;;;;;;;;;;;;;;;;
;;;;;;;;;;;;;;;;;;;;
;;;;;;;;;;;;;;;;;;;;
;;;;;;;;;;;;;;;;;;;;
;;;;;;;;;;;;;;;;;;;;
;;;;;;;;;;;;;;;;;;;;
;;;;;;;;;;;;;;;;;;;;
;;;;;;;;;;;;;;;;;;;;
;;;;;;;;;;;;;;;;;;;;
;;;;;;;;;;;;;;;;;;;;
;;;;;;;;;;;;;;;;;;;;
;;;;;;;;;;;;;;;;;;;;
;;;;;;;;;;;;;;;;;;;;
;;;;;;;;;;;;;;;;;;;;
;;;;;;;;;;;;;;;;;;;;
;;;;;;;;;;;;;;;;;;;;
;;;;;;;;;;;;;;;;;;;;
;;;;;;;;;;;;;;;;;;;;
;;;;;;;;;;;;;;;;;;;;
;;;;;;;;;;;;;;;;;;;;
;;;;;;;;;;;;;;;;;;;;
;;;;;;;;;;;;;;;;;;;;
;;;;;;;;;;;;;;;;;;;;
;;;;;;;;;;;;;;;;;;;;
;;;;;;;;;;;;;;;;;;;;
;;;;;;;;;;;;;;;;;;;;
;;;;;;;;;;;;;;;;;;;;
;;;;;;;;;;;;;;;;;;;;
;;;;;;;;;;;;;;;;;;;;
;;;;;;;;;;;;;;;;;;;;
;;;;;;;;;;;;;;;;;;;;
;;;;;;;;;;;;;;;;;;;;
;;;;;;;;;;;;;;;;;;;;
;;;;;;;;;;;;;;;;;;;;
;;;;;;;;;;;;;;;;;;;;
;;;;;;;;;;;;;;;;;;;;
;;;;;;;;;;;;;;;;;;;;
;;;;;;;;;;;;;;;;;;;;
;;;;;;;;;;;;;;;;;;;;
;;;;;;;;;;;;;;;;;;;;
;;;;;;;;;;;;;;;;;;;;
;;;;;;;;;;;;;;;;;;;;
;;;;;;;;;;;;;;;;;;;;
;;;;;;;;;;;;;;;;;;;;
;;;;;;;;;;;;;;;;;;;;
;;;;;;;;;;;;;;;;;;;;
;;;;;;;;;;;;;;;;;;;;
;;;;;;;;;;;;;;;;;;;;
;;;;;;;;;;;;;;;;;;;;
;;;;;;;;;;;;;;;;;;;;
;;;;;;;;;;;;;;;;;;;;
;;;;;;;;;;;;;;;;;;;;
;;;;;;;;;;;;;;;;;;;;
;;;;;;;;;;;;;;;;;;;;
;;;;;;;;;;;;;;;;;;;;
;;;;;;;;;;;;;;;;;;;;
;;;;;;;;;;;;;;;;;;;;
;;;;;;;;;;;;;;;;;;;;
;;;;;;;;;;;;;;;;;;;;
;;;;;;;;;;;;;;;;;;;;
;;;;;;;;;;;;;;;;;;;;
;;;;;;;;;;;;;;;;;;;;
;;;;;;;;;;;;;;;;;;;;
;;;;;;;;;;;;;;;;;;;;
;;;;;;;;;;;;;;;;;;;;
;;;;;;;;;;;;;;;;;;;;
;;;;;;;;;;;;;;;;;;;;
;;;;;;;;;;;;;;;;;;;;
;;;;;;;;;;;;;;;;;;;;
;;;;;;;;;;;;;;;;;;;;
;;;;;;;;;;;;;;;;;;;;
;;;;;;;;;;;;;;;;;;;;
;;;;;;;;;;;;;;;;;;;;
;;;;;;;;;;;;;;;;;;;;
;;;;;;;;;;;;;;;;;;;;
;;;;;;;;;;;;;;;;;;;;
;;;;;;;;;;;;;;;;;;;;
;;;;;;;;;;;;;;;;;;;;
;;;;;;;;;;;;;;;;;;;;
;;;;;;;;;;;;;;;;;;;;
;;;;;;;;;;;;;;;;;;;;
;;;;;;;;;;;;;;;;;;;;
;;;;;;;;;;;;;;;;;;;;
;;;;;;;;;;;;;;;;;;;;
;;;;;;;;;;;;;;;;;;;;
;;;;;;;;;;;;;;;;;;;;
;;;;;;;;;;;;;;;;;;;;
;;;;;;;;;;;;;;;;;;;;
;;;;;;;;;;;;;;;;;;;;
;;;;;;;;;;;;;;;;;;;;
;;;;;;;;;;;;;;;;;;;;
;;;;;;;;;;;;;;;;;;;;
;;;;;;;;;;;;;;;;;;;;
;;;;;;;;;;;;;;;;;;;;
;;;;;;;;;;;;;;;;;;;;
;;;;;;;;;;;;;;;;;;;;
;;;;;;;;;;;;;;;;;;;;
;;;;;;;;;;;;;;;;;;;;
;;;;;;;;;;;;;;;;;;;;
;;;;;;;;;;;;;;;;;;;;
;;;;;;;;;;;;;;;;;;;;
;;;;;;;;;;;;;;;;;;;;
;;;;;;;;;;;;;;;;;;;;
;;;;;;;;;;;;;;;;;;;;
;;;;;;;;;;;;;;;;;;;;
;;;;;;;;;;;;;;;;;;;;
;;;;;;;;;;;;;;;;;;;;
;;;;;;;;;;;;;;;;;;;;
;;;;;;;;;;;;;;;;;;;;
;;;;;;;;;;;;;;;;;;;;
;;;;;;;;;;;;;;;;;;;;
;;;;;;;;;;;;;;;;;;;;
;;;;;;;;;;;;;;;;;;;;
;;;;;;;;;;;;;;;;;;;;
;;;;;;;;;;;;;;;;;;;;
;;;;;;;;;;;;;;;;;;;;
;;;;;;;;;;;;;;;;;;;;
;;;;;;;;;;;;;;;;;;;;
;;;;;;;;;;;;;;;;;;;;
;;;;;;;;;;;;;;;;;;;;
;;;;;;;;;;;;;;;;;;;;
;;;;;;;;;;;;;;;;;;;;
;;;;;;;;;;;;;;;;;;;;
;;;;;;;;;;;;;;;;;;;;
;;;;;;;;;;;;;;;;;;;;
;;;;;;;;;;;;;;;;;;;;
;;;;;;;;;;;;;;;;;;;;
;;;;;;;;;;;;;;;;;;;;
;;;;;;;;;;;;;;;;;;;;
;;;;;;;;;;;;;;;;;;;;
;;;;;;;;;;;;;;;;;;;;
;;;;;;;;;;;;;;;;;;;;
;;;;;;;;;;;;;;;;;;;;
;;;;;;;;;;;;;;;;;;;;
;;;;;;;;;;;;;;;;;;;;
;;;;;;;;;;;;;;;;;;;;
;;;;;;;;;;;;;;;;;;;;
;;;;;;;;;;;;;;;;;;;;
;;;;;;;;;;;;;;;;;;;;
;;;;;;;;;;;;;;;;;;;;
;;;;;;;;;;;;;;;;;;;;
;;;;;;;;;;;;;;;;;;;;
;;;;;;;;;;;;;;;;;;;;
;;;;;;;;;;;;;;;;;;;;
;;;;;;;;;;;;;;;;;;;;
;;;;;;;;;;;;;;;;;;;;
;;;;;;;;;;;;;;;;;;;;
;;;;;;;;;;;;;;;;;;;;
;;;;;;;;;;;;;;;;;;;;
;;;;;;;;;;;;;;;;;;;;
;;;;;;;;;;;;;;;;;;;;
;;;;;;;;;;;;;;;;;;;;
;;;;;;;;;;;;;;;;;;;;
;;;;;;;;;;;;;;;;;;;;
;;;;;;;;;;;;;;;;;;;;
;;;;;;;;;;;;;;;;;;;;
;;;;;;;;;;;;;;;;;;;;
;;;;;;;;;;;;;;;;;;;;
;;;;;;;;;;;;;;;;;;;;
;;;;;;;;;;;;;;;;;;;;
;;;;;;;;;;;;;;;;;;;;
;;;;;;;;;;;;;;;;;;;;
;;;;;;;;;;;;;;;;;;;;
;;;;;;;;;;;;;;;;;;;;
;;;;;;;;;;;;;;;;;;;;
;;;;;;;;;;;;;;;;;;;;
;;;;;;;;;;;;;;;;;;;;
;;;;;;;;;;;;;;;;;;;;
;;;;;;;;;;;;;;;;;;;;
;;;;;;;;;;;;;;;;;;;;
;;;;;;;;;;;;;;;;;;;;
;;;;;;;;;;;;;;;;;;;;
;;;;;;;;;;;;;;;;;;;;
;;;;;;;;;;;;;;;;;;;;
;;;;;;;;;;;;;;;;;;;;
;;;;;;;;;;;;;;;;;;;;
;;;;;;;;;;;;;;;;;;;;
;;;;;;;;;;;;;;;;;;;;
;;;;;;;;;;;;;;;;;;;;
;;;;;;;;;;;;;;;;;;;;
;;;;;;;;;;;;;;;;;;;;
;;;;;;;;;;;;;;;;;;;;
;;;;;;;;;;;;;;;;;;;;
;;;;;;;;;;;;;;;;;;;;
;;;;;;;;;;;;;;;;;;;;
;;;;;;;;;;;;;;;;;;;;
;;;;;;;;;;;;;;;;;;;;
;;;;;;;;;;;;;;;;;;;;
;;;;;;;;;;;;;;;;;;;;
;;;;;;;;;;;;;;;;;;;;
;;;;;;;;;;;;;;;;;;;;
;;;;;;;;;;;;;;;;;;;;
;;;;;;;;;;;;;;;;;;;;
;;;;;;;;;;;;;;;;;;;;
;;;;;;;;;;;;;;;;;;;;
;;;;;;;;;;;;;;;;;;;;
;;;;;;;;;;;;;;;;;;;;
;;;;;;;;;;;;;;;;;;;;
;;;;;;;;;;;;;;;;;;;;
;;;;;;;;;;;;;;;;;;;;
;;;;;;;;;;;;;;;;;;;;
;;;;;;;;;;;;;;;;;;;;
;;;;;;;;;;;;;;;;;;;;
;;;;;;;;;;;;;;;;;;;;
;;;;;;;;;;;;;;;;;;;;
;;;;;;;;;;;;;;;;;;;;
;;;;;;;;;;;;;;;;;;;;
;;;;;;;;;;;;;;;;;;;;
;;;;;;;;;;;;;;;;;;;;
;;;;;;;;;;;;;;;;;;;;
;;;;;;;;;;;;;;;;;;;;
;;;;;;;;;;;;;;;;;;;;
;;;;;;;;;;;;;;;;;;;;
;;;;;;;;;;;;;;;;;;;;
;;;;;;;;;;;;;;;;;;;;
;;;;;;;;;;;;;;;;;;;;
;;;;;;;;;;;;;;;;;;;;
;;;;;;;;;;;;;;;;;;;;
;;;;;;;;;;;;;;;;;;;;
;;;;;;;;;;;;;;;;;;;;
;;;;;;;;;;;;;;;;;;;;
;;;;;;;;;;;;;;;;;;;;
;;;;;;;;;;;;;;;;;;;;
;;;;;;;;;;;;;;;;;;;;
;;;;;;;;;;;;;;;;;;;;
;;;;;;;;;;;;;;;;;;;;
;;;;;;;;;;;;;;;;;;;;
;;;;;;;;;;;;;;;;;;;;
;;;;;;;;;;;;;;;;;;;;
;;;;;;;;;;;;;;;;;;;;
;;;;;;;;;;;;;;;;;;;;
;;;;;;;;;;;;;;;;;;;;
;;;;;;;;;;;;;;;;;;;;
;;;;;;;;;;;;;;;;;;;;
;;;;;;;;;;;;;;;;;;;;
;;;;;;;;;;;;;;;;;;;;
;;;;;;;;;;;;;;;;;;;;
;;;;;;;;;;;;;;;;;;;;
;;;;;;;;;;;;;;;;;;;;
;;;;;;;;;;;;;;;;;;;;
;;;;;;;;;;;;;;;;;;;;
;;;;;;;;;;;;;;;;;;;;
;;;;;;;;;;;;;;;;;;;;
;;;;;;;;;;;;;;;;;;;;
;;;;;;;;;;;;;;;;;;;;
;;;;;;;;;;;;;;;;;;;;
;;;;;;;;;;;;;;;;;;;;
;;;;;;;;;;;;;;;;;;;;
;;;;;;;;;;;;;;;;;;;;
;;;;;;;;;;;;;;;;;;;;
;;;;;;;;;;;;;;;;;;;;
;;;;;;;;;;;;;;;;;;;;
;;;;;;;;;;;;;;;;;;;;
;;;;;;;;;;;;;;;;;;;;
;;;;;;;;;;;;;;;;;;;;
;;;;;;;;;;;;;;;;;;;;
;;;;;;;;;;;;;;;;;;;;
;;;;;;;;;;;;;;;;;;;;
;;;;;;;;;;;;;;;;;;;;
;;;;;;;;;;;;;;;;;;;;
;;;;;;;;;;;;;;;;;;;;
;;;;;;;;;;;;;;;;;;;;
;;;;;;;;;;;;;;;;;;;;
;;;;;;;;;;;;;;;;;;;;
;;;;;;;;;;;;;;;;;;;;
;;;;;;;;;;;;;;;;;;;;
;;;;;;;;;;;;;;;;;;;;
;;;;;;;;;;;;;;;;;;;;
;;;;;;;;;;;;;;;;;;;;
;;;;;;;;;;;;;;;;;;;;
;;;;;;;;;;;;;;;;;;;;
;;;;;;;;;;;;;;;;;;;;
;;;;;;;;;;;;;;;;;;;;
;;;;;;;;;;;;;;;;;;;;
;;;;;;;;;;;;;;;;;;;;
;;;;;;;;;;;;;;;;;;;;
;;;;;;;;;;;;;;;;;;;;
;;;;;;;;;;;;;;;;;;;;
;;;;;;;;;;;;;;;;;;;;
;;;;;;;;;;;;;;;;;;;;
;;;;;;;;;;;;;;;;;;;;
;;;;;;;;;;;;;;;;;;;;
;;;;;;;;;;;;;;;;;;;;
;;;;;;;;;;;;;;;;;;;;
;;;;;;;;;;;;;;;;;;;;
;;;;;;;;;;;;;;;;;;;;
;;;;;;;;;;;;;;;;;;;;
;;;;;;;;;;;;;;;;;;;;
;;;;;;;;;;;;;;;;;;;;
;;;;;;;;;;;;;;;;;;;;
;;;;;;;;;;;;;;;;;;;;
;;;;;;;;;;;;;;;;;;;;
;;;;;;;;;;;;;;;;;;;;
;;;;;;;;;;;;;;;;;;;;
;;;;;;;;;;;;;;;;;;;;
;;;;;;;;;;;;;;;;;;;;
;;;;;;;;;;;;;;;;;;;;
;;;;;;;;;;;;;;;;;;;;
;;;;;;;;;;;;;;;;;;;;
;;;;;;;;;;;;;;;;;;;;
;;;;;;;;;;;;;;;;;;;;
;;;;;;;;;;;;;;;;;;;;
;;;;;;;;;;;;;;;;;;;;
;;;;;;;;;;;;;;;;;;;;
;;;;;;;;;;;;;;;;;;;;
;;;;;;;;;;;;;;;;;;;;
;;;;;;;;;;;;;;;;;;;;
;;;;;;;;;;;;;;;;;;;;
;;;;;;;;;;;;;;;;;;;;
;;;;;;;;;;;;;;;;;;;;
;;;;;;;;;;;;;;;;;;;;
;;;;;;;;;;;;;;;;;;;;
;;;;;;;;;;;;;;;;;;;;
;;;;;;;;;;;;;;;;;;;;
;;;;;;;;;;;;;;;;;;;;
;;;;;;;;;;;;;;;;;;;;
;;;;;;;;;;;;;;;;;;;;
;;;;;;;;;;;;;;;;;;;;
;;;;;;;;;;;;;;;;;;;;
;;;;;;;;;;;;;;;;;;;;
;;;;;;;;;;;;;;;;;;;;
;;;;;;;;;;;;;;;;;;;;
;;;;;;;;;;;;;;;;;;;;
;;;;;;;;;;;;;;;;;;;;
;;;;;;;;;;;;;;;;;;;;
;;;;;;;;;;;;;;;;;;;;
;;;;;;;;;;;;;;;;;;;;
;;;;;;;;;;;;;;;;;;;;
;;;;;;;;;;;;;;;;;;;;
;;;;;;;;;;;;;;;;;;;;
;;;;;;;;;;;;;;;;;;;;
;;;;;;;;;;;;;;;;;;;;
;;;;;;;;;;;;;;;;;;;;
;;;;;;;;;;;;;;;;;;;;
;;;;;;;;;;;;;;;;;;;;
;;;;;;;;;;;;;;;;;;;;
;;;;;;;;;;;;;;;;;;;;
;;;;;;;;;;;;;;;;;;;;
;;;;;;;;;;;;;;;;;;;;
;;;;;;;;;;;;;;;;;;;;
;;;;;;;;;;;;;;;;;;;;
;;;;;;;;;;;;;;;;;;;;
;;;;;;;;;;;;;;;;;;;;
;;;;;;;;;;;;;;;;;;;;
;;;;;;;;;;;;;;;;;;;;
;;;;;;;;;;;;;;;;;;;;
;;;;;;;;;;;;;;;;;;;;
;;;;;;;;;;;;;;;;;;;;
;;;;;;;;;;;;;;;;;;;;
