COOPERACIÓN;CAPACITADOS ;Vigencia automotor;Firmaron convenio Automotor;NOTA (ACARA Y DNRPA);ORDENANZA AUTOMOTOR;ADENDAS;CCI EXPRÉS;ORDENANZA CCI;MONOTRIBUTO UNIFICADO;ORDENANZA MUC;ANEXO MUC ;NOMENCLADOR;Interesados en firmar Inmobiliario Córdoba;LOCALIDAD;DEPARTAMENTO;CUIT;POBLACIÓN 
SI ;SI;Sin convenio;NO;;;;SI;;01/04/2019;SI;SI;SI;;ACHIRAS;RIO CUARTO;30999139023;2398
SI ;SI;Sin convenio;NO;;;;SI;SI;01/01/2019;SI;SI;SI;;ADELIA MARIA;RIO CUARTO;30999051290;7739
SI ;SI;Sin convenio;NO;;;;;;;;;;;AGUA DE ORO;COLON;30678715332;2163
SI ;SI;2019;SI;SI;SI;ENVIO DNRPA 18.6;;;01/03/2019;SI;SI;SI;;ALCIRA GIGENA;RIO CUARTO;30581388655;5924
SI ;SI;2018;SI;SI;SI;ENVIO DNRPA 27.8;;;;;;;;ALDEA SANTA MARIA;UNION;30668840848;201
SI ;SI;Sin convenio;NO;;;;SI;SI;01/03/2019;SI;SI;SI;;ALEJANDRO ROCA;JUAREZ CELMAN;30999097258;5394
SI ;SI;2020;SI;SI;SI;SI;SI;SI;01/01/2020;SI;SI;SI;;ALEJO LEDESMA;MARCOS JUAREZ;30999066034;3385
SI ;SI;2019;SI;SI;SI;ENVIO DNRPA 27.8;;;01/03/2019;SI;;SI;;ALICIA;SAN JUSTO;30669170382;3318
SI ;SI;2018;SI;Pendiente;SI;ENVIO DNRPA 27.8;SI;;01/01/2019;SI;SI;SI;;ALMAFUERTE;TERCERO ARRIBA;30999099471;11845
SI ;SI;2019;SI;SI;SI;ENVIO DNRPA 18.6;SI;SI;01/02/2019;SI;SI;SI;;ALPA CORRAL;RIO CUARTO;30683936347;966
SI ;SI;Sin convenio;NO;;;;;;;;;;;ALTA GRACIA;SANTA MARIA;30999012260;48506
SI ;SI;2019;SI;SI;SI;ENVIO DNRPA 27.8;SI;SI;01/11/2018;SI;;SI;;ALTO ALEGRE;UNION;30668245699;817
NO;NO;Sin convenio;NO;;;;;;;;;;;ALTO DE LOS QUEBRACHOS;CRUZ DEL EJE;30668551692;268
SI ;SI;2019;SI;SI;SI;ENVIO DNRPA 18.6;SI;SI;SI;SI;SI;Pendiente;;ALTOS DE CHIPION;SAN JUSTO;33669144739;1793
SI ;SI;2019;SI;SI;SI;ENVIO DNRPA 27.8;SI;SI;SI;SI;SI;Pendiente;;AMBOY;CALAMUCHITA;30668687187;228
SI ;SI;2021;SI;SI;SI;SI;SI;;SI;Pendiente;SI;Pendiente;;AMBUL;SAN ALBERTO;30669246966;732
SI ;SI;Sin convenio;NO;;;;;;;;;;;ANA ZUMARAN;UNION;30669069592;98
SI ;SI;2019;SI;SI;SI;ENVIO DNRPA 27.8;;;SI;Pendiente;SI;Pendiente;SI;ANISACATE;SANTA MARIA;30709912271;3350
SI ;SI;Sin convenio;NO;;;;SI;SI;;;;;;ARIAS;MARCOS JUAREZ;30999066417;7249
NO;NO;Sin convenio;NO;;;;;;01/11/2020;SI;SI;SI;;ARROYITO;SAN JUSTO;30999056799;22726
SI ;SI;2018;SI;Pendiente;SI;ENVIO DNRPA 27.8;SI;;01/06/2019;SI;SI;SI;;ARROYO ALGODON;GENERAL SAN MARTIN;30999114632;692
SI ;SI WEB;2019;SI;SI;SI;ENVIO DNRPA 27.8;SI;SI;;;;;;ARROYO CABRAL;GENERAL SAN MARTIN;30999062764;2793
SI ;SI;2020;SI;SI;SI;SI;;;;;;;;ARROYO LOS PATOS;SAN ALBERTO;33669244989;634
NO;NO;Sin convenio;NO;;;;;;;;;;;ASSUNTA;JUAREZ CELMAN;30668849098;73
NO;NO;Sin convenio;NO;;;;;;;;;;;ATAHONA;RIO PRIMERO;30680975740;224
SI ;SI;Sin convenio;NO;;;;SI;SI;SI;Pendiente;Pendiente;Pendiente;;AUSONIA;GENERAL SAN MARTIN;30999114497;1133
SI ;NO;Sin convenio;NO;;;;;;;;;;;AVELLANEDA;ISCHILIN;33682273599;323
SI ;SI;Sin convenio;NO;;;;SI;;SI;Pendiente;SI;Pendiente;;BALLESTEROS;UNION;30999066654;3928
SI ;SI;Sin convenio;NO;;;;SI;SI;;;;;;BALLESTEROS SUD;UNION;30668255554;538
SI ;SI;Sin convenio;NO;;;;;;01/07/2020;SI;SI;SI;;BALNEARIA;SAN JUSTO;33688853759;6171
SI ;SI;2022;SI;SI;SI;SI;;;;;;;;BAÑADO DE SOTO;CRUZ DEL EJE;30668556260;941
SI ;SI;Sin convenio;NO;;;;SI;;01/02/2019;SI;;SI;;BELL VILLE;UNION;30668248590;34439
SI ;SI;2019;SI;SI;SI;ENVIO DNRPA 27.8;SI;SI;01/12/2018;SI;SI;SI;;BENGOLEA;JUAREZ CELMAN;30668860733;917
SI ;SI;Sin convenio;NO;;;;SI;SI;SI;Pendiente;SI;Pendiente;;BENJAMIN GOULD;UNION;30668854385;704
SI ;SI;Sin convenio;NO;;;;SI;SI;01/01/2019;SI;;SI;;BERROTARAN;RIO CUARTO;30999050375;6886
SI ;SI;2020;SI;SI;SI;SI;SI;SI;;;;;;BIALET MASSE;PUNILLA;30678661860;5449
SI ;SI;2018;SI;SI;SI;ENVIO DNRPA 27.8;;;;;;;;BOUWER;SANTA MARIA;30677565779;1786
SI ;SI;Sin convenio;NO;;;;SI;SI;;;;;;BRINKMANN;SAN JUSTO;;
;30669207316;contaduria@brinkmann.gov.ar;economia@brinkmann.gov.ar;;;;2331;;;;;;;;;;
SI ;SI;Sin convenio;NO;;;;SI;SI;01/10/2018;SI;SI;SI;;BULNES;RIO CUARTO;30999100887;1051
SI ;SI;Sin convenio;NO;;;;;;;;;;;CABALANGO;PUNILLA;30678666293;475
SI ;SI;Sin convenio;NO;;;;SI;SI;01/04/2019;SI;;SI;;CALCHIN;RIO SEGUNDO;30669378870;2447
SI ;SI;Sin convenio;NO;;;;SI;SI;;;;;;CALCHIN OESTE;RIO SEGUNDO;30669377955;765
SI ;SI;Sin convenio;NO;;;;SI;SI;01/09/2018;SI;SI;SI;;CAMILO ALDAO;MARCOS JUAREZ;30999066891;5209
SI ;SI;2018;SI;SI;SI;ENVIO DNRPA 27.8;SI; ;SI;Pendiente;SI;Pendiente;;CAMINIAGA;SOBREMONTE;30682242201;362
SI ;SI;2020;SI;SI;SI;SI;SI;SI;01/02/2019;SI;;SI;SI;CANALS;UNION;30668850495;8676
SI ;NO;Sin convenio;NO;;;;SI;;SI;Pendiente;Pendiente;Pendiente;;CANDELARIA SUD;TOTORAL;30682304967;125
SI ;SI;2019;SI;SI;SI;ENVIO DNRPA 27.8;;;SI;SI;SI;Pendiente;;CAÑADA DE LUQUE;TOTORAL;30668353033;1217
SI ;NO;Sin convenio;NO;;;;;;;;;;;CAÑADA DE MACHADO;RIO PRIMERO;30680982011;203
SI ;NO;2019;SI;SI;SI;ENVIO DNRPA 27.8;SI;SI;SI;;;Pendiente;;CAÑADA DE RIO PINTO;ISCHILIN;30682312080;193
SI ;SI;Sin convenio;NO;;;;;;;;;;;CAÑADA DEL SAUCE;CALAMUCHITA;30668679516;75
SI ;SI;Sin convenio;NO;;;;;;;;;;;CAP.GENERAL. B O'HIGGINS;MARCOS JUAREZ;30668207967;497
SI ;SI;Sin convenio;NO;;;;SI;SI;;;;;;CAPILLA DE LOS REMEDIOS;RIO PRIMERO;30682313079;342
SI ;NO;2019;SI;SI;SI;ENVIO DNRPA 27.8;;;SI;Pendiente;SI;Pendiente;;CAPILLA DE SITON;TOTORAL;30680995563;550
SI ;SI;2022;SI;SI;SI;si;;;;;;;;CAPILLA DEL CARMEN;RIO SEGUNDO;30668542650;556
SI ;SI;2019;SI;SI;SI;ENVIO DNRPA 18.6;SI;SI;2019-03-01 // Solicitan la baja mediante nota a la privada. Se confirma fecha de baja para el 1/04/2021;SI;SI;SI;;CAPILLA DEL MONTE;PUNILLA;30668446775;11281
SI ;SI;No Vigente;SI;SI;Pendiente;Pendiente;SI;SI;01/11/2018;SI;;SI;;CARNERILLO;JUAREZ CELMAN;30999226589;1928
SI ;SI;Sin convenio;NO;;;;SI;SI;;;;;;CARRILOBO;RIO SEGUNDO;30999226104;1772
SI ;SI;Sin convenio;NO;;;;SI;SI;SI;Pendiente; SI;Pendiente;;CASA GRANDE;PUNILLA;30678731885;701
NO;NO;Sin convenio;NO;;;;SI;SI;;;;;;CAVANAGH;MARCOS JUAREZ;30999121523;1240
SI ;SI;2019;SI;SI;SI;ENVIO DNRPA 27.8;SI;SI;01/12/2018;SI;SI;SI;;CERRO COLORADO;RIO SECO;30678722460;285
SI ;SI;2018;SI;Pendiente;SI;ENVIO DNRPA 27.8;SI;SI;SI;Pendiente;Pendiente;Pendiente;;CHAJAN;RIO CUARTO;30669116655;767
SI ;SI;Sin convenio;NO;;;;;;;;;;;CHALACEA;RIO PRIMERO;30685385909;180
SI ;SI WEB;2019;SI;SI;SI;ENVIO DNRPA 27.8;SI;;;;;;;CHANCANI;POCHO;30669254608;463
SI ;NO;2019;SI;SI;SI;ENVIO DNRPA 27.8;;;SI;Pendiente;SI;Pendiente;;CHAÑAR VIEJO;RIO SECO;30680959052;186
SI ;SI;2018;SI;SI;SI;ENVIO DNRPA 18.6;SI;;SI;Pendiente;SI;Pendiente;;CHARBONIER;PUNILLA;30668542723;553
SI ;SI;2019;SI;SI;SI;ENVIO DNRPA 27.8;SI;SI;01/01/2019;SI;SI;SI;;CHARRAS;JUAREZ CELMAN;30999099927;1117
SI ;SI;Sin convenio;NO;;;;SI;;;;;;;CHAZON;GENERAL SAN MARTIN;30999113954;1080
SI ;SI;2018;SI;Pendiente;SI;ENVIO DNRPA 18.6;SI;SI;01/12/2018;SI;SI;SI;VIGENTE;CHILIBROSTE;UNION;30668288061;614
SI ;SI;Sin convenio;NO;;;;SI;SI;;;;;;CHUCUL;RIO CUARTO;30585573120;304
SI ;NO;2019;SI;SI;SI;ENVIO DNRPA 27.8;;;SI;Pendiente;SI;Pendiente;;CHUÑA;ISCHILIN;30682249613;563
SI ;SI;Sin convenio;NO;;;;;;;;;;;CHUÑA HUASI;SOBREMONTE;30682309608;457
SI ;SI;No Vigente;SI;SI;Pendiente;Pendiente;;;SI;Pendiente;SI;Pendiente;;CHURQUI CAÑADA;TULUMBA;30692951375;58
SI ;SI WEB;2020;SI;SI;SI;SI;SI;;SI;Pendiente;Pendiente;Pendiente;;CIENAGA DEL CORO;MINAS;30668557704;718
SI ;SI;Sin convenio;NO;;;;SI;SI;01/07/2020;SI;SI;SI;;CINTRA;UNION;30668239001;1205
SI ;SI;Sin convenio;NO;;;;;;;;;;;COLAZO;RIO SEGUNDO;30999230020;1634
SI ;SI;2019;SI;SI;SI;ENVIO DNRPA 27.8;SI;;SI;Pendiente;SI;Pendiente;;COLONIA ALMADA;TERCERO ARRIBA;30668670055;541
SI ;SI WEB;Sin convenio;NO;;;;;;;;;;;COLONIA ANITA;SAN JUSTO;30669191401;8
SI ;SI WEB;Sin convenio;NO;;;;;;;;;;;COLONIA BARGE;MARCOS JUAREZ;30668257840;175
SI ;NO;2018;SI;SI;SI;ENVIO DNRPA 27.8;SI;SI;;;;;;COLONIA BISMARCK;UNION;30668254329;373
NO;NO;Sin convenio;NO;;;;;;;;;;;COLONIA BREMEN;UNION;30668846331;117
SI ;SI;2019;SI;SI;SI;ENVIO DNRPA 27.8;;;01/02/2019;SI;;SI;SI;COLONIA CAROYA;COLON;30999227712;20821
SI ;SI;2019;SI;SI;SI;ENVIO DNRPA 27.8;SI;SI;SI;Pendiente;Pendiente;Pendiente;;COLONIA ITALIANA;MARCOS JUAREZ;30668443490;753
SI ;NO;Sin convenio;NO;;;;;;;;;;;COLONIA ITURRASPE;SAN JUSTO;30669195156;6
SI ;SI;No Vigente;SI;SI;Pendiente;SI;;;SI;Pendiente;SI;Pendiente;;COLONIA LAS CUATRO ESQUINAS;RIO PRIMERO;33680954009;115
SI ;SI;Sin convenio;NO;                                                                            ;;;SI;SI;;;;;;COLONIA LAS PICHANAS;SAN JUSTO;30669189490;181
SI ;SI;2018;SI;SI;SI;ENVIO DNRPA 18.6;SI;SI;01/04/2019;SI;SI;SI;;COLONIA MARINA;SAN JUSTO;30669163947;1153
SI ;SI;Sin convenio;NO;;;;SI;;;;;;;COLONIA PROSPERIDAD;SAN JUSTO;30669169988;377
SI ;SI;2018;SI;SI;SI;ENVIO DNRPA 18.6;SI;SI;01/12/2018;SI;SI;SI;;COLONIA SAN BARTOLOME;SAN JUSTO;30999230268;1291
SI ;SI;Sin convenio;NO;;;;SI;SI;01/07/2021;SI;SI;SI;;COLONIA SAN PEDRO;SAN JUSTO;30669207170;151
SI ;SI;Sin convenio;NO;;;;;;;;;;;COLONIA TIROLESA;COLON;30668404533;5342
SI ;SI;2019;SI;SI;SI;ENVIO DNRPA 18.6;SI;SI;;;;;;COLONIA VALTELINA;SAN JUSTO;30669187587;190
SI ;SI WEB;2021;SI;SI;SI;SI;;;;;;;;COLONIA VICENTE AGUERO;COLON;30652136636;352
SI ;SI;2018;SI;SI;SI;ENVIO DNRPA 18.6;;;;;;;;COLONIA VIDELA;RIO SEGUNDO;30681033102;78
SI ;SI;Sin convenio;NO;;;;SI;SI;01/12/2020;SI;SI;SI;;COLONIA VIGNAUD;SAN JUSTO;30669208479;727
SI ;SI;Sin convenio;NO;;SI;;SI;SI;;;;;;COMECHINGONES;RIO PRIMERO;30999296048;366
SI ;NO;2019;SI;SI;SI;ENVIO DNRPA 27.8;;;SI;Pendiente;SI;Pendiente;;CONLARA;SAN JAVIER;30669246656;508
NO;NO;Sin convenio;NO;;;;;;;;;;;COPACABANA;ISCHILIN;30682278788;74
SI ;SI;Sin convenio;NO;;;;;;01/01/2020;;;;;CORDOBA;CAPITAL;30999074843;1329604
SI ;SI;Sin convenio;NO;;;;;;;;;;;CORONEL BAIGORRIA;RIO CUARTO;30669133339;1532
SI ;SI;Sin convenio;NO;;;;SI;SI;;;;;;CORONEL MOLDES;RIO CUARTO;33999100339;9010
SI ;SI;2018;SI;SI;SI;ENVIO DNRPA 27.8;SI;SI;01/09/2018;SI;;SI;;CORRAL DE BUSTOS-IFFLINGER;MARCOS JUAREZ;30999065976;10426
SI ;SI;2018;SI;Pendiente;SI;ENVIO DNRPA 27.8;SI;SI;01/01/2019;SI;SI;SI;SI;CORRALITO;TERCERO ARRIBA;30668675863;1757
SI ;SI;No Vigente;SI;SI;Pendiente;Pendiente;;;01/03/2021;SI;SI;SI;;COSQUIN;PUNILLA;30999013704;19815
SI ;SI;2021;SI;SI;SI;SI;;;01/09/2018;SI;SI;SI;SI;COSTASACATE;RIO SEGUNDO;33680941179;1485
SI ;SI;2018;SI;Pendiente;SI;ENVIO DNRPA 27.8;SI;SI;01/04/2020;SI;SI;SI;;CRUZ ALTA;MARCOS JUAREZ;30999065801;7200
SI ;SI;Sin convenio;NO;;;;;;;;;;;CRUZ DE CAÑA;CRUZ DEL EJE;30668562546;352
SI ;SI;2018;SI;SI;SI;ENVIO DNRPA 27.8;;;SI;Pendiente;Pendiente;Pendiente;;CRUZ DEL EJE;CRUZ DEL EJE;30999135680;30844
SI ;SI;2019;SI;SI;SI;ENVIO DNRPA 18.6;;;SI;Pendiente;SI;Pendiente;;CUESTA BLANCA;PUNILLA;30678672021;510
SI ;SI;Sin convenio;NO;;;;;;;;;;;DALMACIO VELEZ;TERCERO ARRIBA;30999098009;1565
SI ;NO;Sin convenio;NO;;;;;;;;;;;DEAN FUNES;ISCHILIN;30656355081;21518
SI ;SI;2021;SI;SI;SI;SI;;;;;;;;DEL CAMPILLO;GENERAL ROCA;30999098866;3508
SI ;SI;Sin convenio;NO;;;;;;;;;;;DESPEÑADEROS;SANTA MARIA;30999067715;5988
SI ;SI;Sin convenio;NO;;;;SI;SI;01/03/2021;SI;SI;SI;;DEVOTO;SAN JUSTO;30669166393;6133
SI ;SI;2019;SI;SI;SI;ENVIO DNRPA 27.8;;;;;;;;DIEGO DE ROJAS;RIO PRIMERO;30677596135;509
SI ;NO;2019;SI;SI;SI;ENVIO DNRPA 18.6;;;SI;SI;SI;Pendiente;;DIQUE CHICO;SANTA MARIA;33677614299;259
SI ;SI;2018;SI;Pendiente;SI;ENVIO DNRPA 27.8;SI;SI;01/10/2018;SI;SI;SI;;EL ARAÑADO;SAN JUSTO;30669190103;1776
NO;NO;Sin convenio;NO;;;;;;;;;;;EL BRETE;CRUZ DEL EJE;33668541599;2327
SI ;SI WEB;Sin convenio;NO;;;;;;;;;;;EL CHACHO;MINAS;30668554802;401
SI ;NO;Sin convenio;NO;;;;;;;;;;;EL CRISPIN;RIO PRIMERO;30680992599;220
SI ;SI;2018;SI;Pendiente;SI;ENVIO DNRPA 27.8;SI;SI;01/03/2019;SI;SI;SI;;EL FORTIN;SAN JUSTO;30657321865;1648
SI ;SI;2020;SI;SI;SI;SI;SI;SI;;;;;;EL MANZANO;COLON;30678663537;1298
SI ;SI;2018;SI;SI;SI;ENVIO DNRPA 27.8;;;SI;Pendiente;Pendiente;Pendiente;;EL RASTREADOR;JUAREZ CELMAN;30668848245;85
NO;NO;Sin convenio;NO;;;;;;;;;;;EL RODEO;TULUMBA;30682273662;236
SI ;SI;No Vigente;SI;Pendiente;Pendiente;Pendiente;SI;SI;01/01/2021;SI;SI;SI;;EL TIO;SAN JUSTO;30688834925;1920
SI ;SI;2021;SI;SI;SI;SI;SI;;;;;;;ELENA;RIO CUARTO;30999050200;3007
SI ;SI;2018;SI;SI;SI;ENVIO DNRPA 27.8;SI;;SI;Pendiente;SI;Pendiente;;EMBALSE;CALAMUCHITA;33668701359;9107
SI ;NO;2018;SI;SI;SI;ENVIO DNRPA 18.6;SI;SI;;;;;;ESQUINA;RIO PRIMERO;30689774144;273
SI ;SI;Sin convenio;NO;;;;SI;SI;;;;;;ESTACION GENERAL PAZ;COLON;30678654422;2253
SI ;SI;Sin convenio;NO;;;;;;;;;;;ESTACION JUAREZ CELMAN;COLON;30655791635;12129
SI ;SI WEB;2021;SI;SI;SI;SI;;;SI;Pendiente;Pendiente;Pendiente;;ESTANCIA DE GUADALUPE;MINAS;30668549515;522
SI ;SI;Sin convenio;NO;;;;;;;;;;;ESTANCIA VIEJA;PUNILLA;30678688165;909
SI ;SI;Sin convenio;NO;;;;SI;SI;;;;;;ETRURIA;GENERAL SAN MARTIN;30999114012;4130
SI ;NO;2019;SI;SI;SI;ENVIO DNRPA 27.8;SI;;01/11/2020;SI;SI;SI;;EUFRASIO LOZA;RIO SECO;30682234497;166
SI ;SI;Sin convenio;NO;;;;;;;;;;;FALDA DEL CARMEN;SANTA MARIA;30681018405;610
SI ;SI;Sin convenio;NO;;;;;;;;;;;FREYRE;SAN JUSTO;30669189180;6922
SI ;SI;Sin convenio;NO;;;;SI;SI;;;;;;GENERAL BALDISSERA;MARCOS JUAREZ;30999066107;2397
SI ;SI;Sin convenio;NO;;;;;;01/03/2019;SI;SI;SI;;GENERAL CABRERA;JUAREZ CELMAN;30999051436;11837
SI ;SI;Sin convenio;NO;;;;SI;SI;01/02/2019;SI;SI;SI;;GENERAL DEHEZA;JUAREZ CELMAN;30999051363;11083
SI ;SI;2019;SI;SI;SI;ENVIO DNRPA 27.8;;;01/04/2019;SI;SI;SI;;GENERAL FOTHERINGHAM;TERCERO ARRIBA;30668673712;313
SI ;SI;Sin convenio;NO;;;;;;01/01/2021;SI;SI;SI;;GENERAL LEVALLE;ROQUE SAENZ PEÑA;30999051673;5718
SI ;SI;2018;SI;Pendiente;SI;ENVIO DNRPA 27.8;SI;SI;01/03/2020;SI;SI;SI;;GENERAL ROCA;MARCOS JUAREZ;30668939836;2785
NO;NO;No Vigente;SI;SI;Pendiente;Pendiente;;;SI;Pendiente;Pendiente;Pendiente;;GUANACO MUERTO;CRUZ DEL EJE;30668538289;554
NO;NO;Sin convenio;NO;;;;;;;;;;;GUASAPAMPA;MINAS;33668550849;241
SI ;SI;Sin convenio;NO;;;;;;;;;;;GUATIMOZIN;MARCOS JUAREZ;30999116163;2475
NO;NO;Sin convenio;NO;;;;;;;;;;;GUTEMBERG;RIO SECO;30682234322;691
SI ;SI;Sin convenio;NO;;;;;;;;;;;HERNANDO;TERCERO ARRIBA;30999050448;10284
SI ;SI;2018;SI;Pendiente;SI;ENVIO DNRPA 27.8;SI;SI;01/09/2018;SI;SI;SI;;HUANCHILLA;JUAREZ CELMAN;30999099781;1147
SI ;SI;Sin convenio;NO;;;;;;;;;;;HUERTA GRANDE;PUNILLA;30651167198;5933
SI ;SI;Sin convenio;NO;;;;;;;;;;;HUINCA RENANCO;GENERAL ROCA;30999101492;9487
SI ;SI;2021;SI;SI;SI;SI;SI;;;;;;;ICHO CRUZ;PUNILLA;30668261767;1921
SI ;SI;2019;SI;SI;SI;ENVIO DNRPA 18.6;SI;SI;SI;SI;SI;Pendiente;;IDIAZABAL;UNION;30677601813;1556
SI ;SI;Sin convenio;NO;;;;;;;;;;;IMPIRA;RIO SEGUNDO;30668448379;163
SI ;SI;2018;SI;SI;SI;ENVIO DNRPA 27.8;SI;SI;01/01/2019;SI;SI;SI;;INRIVILLE;MARCOS JUAREZ;30999121760;3722
SI ;SI;2019;SI;SI;SI;ENVIO DNRPA 18.6;                                                                                         ;SI;;;;;;ISLA VERDE;MARCOS JUAREZ;30999098556;4390
SI ;SI;2019;SI;SI;SI;ENVIO DNRPA 27.8;SI;SI;01/02/2020;SI;SI;SI;;ITALO;GENERAL ROCA;30999099161;1120
SI ;SI;Sin convenio;NO;;;;;;;;;;;JAMES CRAIK;TERCERO ARRIBA;30999122201;5250
SI ;SI;2020;SI;SI;SI;SI;SI;SI;;;;;;JESUS MARIA;COLON;30999101328;31864
SI ;SI;Sin convenio;NO;;;;SI;SI;;;;;;JOVITA;GENERAL ROCA;30999115868;4823
SI ;SI;Sin convenio;NO;;;;SI;SI;;;;;;JUSTINIANO POSSE;UNION;33689759519;8569
SI ;NO;2020;SI;SI;SI;SI;;;;;;;;KILOMETRO 658;RIO PRIMERO;30668561310;1033
SI ;SI;2019;SI;SI;SI;ENVIO DNRPA 27.8;;;SI;Pendiente;Pendiente;Pendiente;;LA BATEA;CRUZ DEL EJE;30999038715;180
SI ;SI;2020;SI;SI;SI;SI;SI;SI;;;;;;LA CALERA;COLON;30999050138;32227
SI ;SI;2018;SI;SI;SI;ENVIO DNRPA 18.6;SI;;SI;Pendiente;Pendiente;Pendiente;;LA CARLOTA;JUAREZ CELMAN;30669126448;12722
SI ;SI WEB;Sin convenio;NO;;;;SI;SI;SI;Pendiente;Pendiente;Pendiente;;"LA CAROLINA ""EL POTOSI""";RIO CUARTO;30999100402;165
SI ;SI;Sin convenio;NO;;;;;;;;;;;LA CAUTIVA;RIO CUARTO;30668752531;1014
SI ;SI;2019;SI;SI;SI;ENVIO DNRPA 18.6;SI;SI;01/12/2020;SI;SI;SI;;LA CESIRA;ROQUE SAENZ PEÑA;30999101700;1318
SI ;SI WEB;2019;SI;SI;SI;ENVIO DNRPA 27.8;SI;;SI;Pendiente;SI;Pendiente;;LA CRUZ;CALAMUCHITA;30999025575;1551
SI ;SI;2018;SI;SI;SI;SI;SI;SI;01/02/2019;SI;SI;SI;;LA CUMBRE;PUNILLA;30681015740;7761
SI ;SI;Baja de convenio 01.01.2021;SI;SI;SI;ENVIO DNRPA 27.8;SI;;SI;Pendiente;SI;Pendiente;;LA CUMBRECITA;CALAMUCHITA;30999025338;776
SI ;SI;Sin convenio;NO;;;;SI;;;;;;;LA FALDA;PUNILLA;30654689403;16379
SI ;SI;2019;SI;SI;SI;ENVIO DNRPA 18.6;SI;SI;01/01/2019;SI;SI;SI;;LA FRANCIA;SAN JUSTO;33678663609;3804
SI ;SI;2019;SI;SI;SI;ENVIO DNRPA 27.8;SI;SI;SI;Pendiente;Pendiente;Pendiente;;LA GRANJA;COLON;30668557879;3182
SI ;NO;Sin convenio;NO;;;;;;;;;;;LA HIGUERA;CRUZ DEL EJE;30999114187;411
SI ;SI;2018;SI;SI;SI;ENVIO DNRPA 27.8;SI;SI;SI;Pendiente;Pendiente;Pendiente;;LA LAGUNA;GENERAL SAN MARTIN;30685335642;1524
NO;SI;Sin convenio;NO;;;;;;;;;;;LA PAISANITA;SANTA MARIA;30669355463;155
SI ;SI;2019;SI;SI;SI;ENVIO DNRPA 18.6;SI;SI;01/11/2018;SI;SI;SI;;LA PALESTINA;GENERAL SAN MARTIN;30682273352;502
SI ;SI;Sin convenio;NO;;;;SI;SI;;;;;;LA PAMPA;TOTORAL;30651153278;952
SI ;SI;2019;SI;SI;SI;ENVIO DNRPA 18.6;SI;SI;01/02/2019;SI;SI;SI;;LA PAQUITA;SAN JUSTO;30999131863;964
SI ;SI;2018;SI;Pendiente;SI;ENVIO DNRPA 27.8;SI;SI;SI;Pendiente;Pendiente;Pendiente;;LA PARA;RIO PRIMERO;30669246893;3489
SI ;SI;2019;SI;SI;SI;ENVIO DNRPA 27.8;SI;;SI;Pendiente;SI;Pendiente;;LA PAZ;SAN JAVIER;30689768241;3580
;mpalacio306@hotmail.com;;Firmada y guardada.;;;;;;;;;;;;;;
SI ;SI;Sin convenio;NO;;;;SI;SI;;;;;;LA PLAYOSA;GENERAL SAN MARTIN;30669245595;2757
NO;NO;Sin convenio;NO;;;;;;;;;;;LA POBLACION;SAN JAVIER;30680975678;535
SI ;SI;Sin convenio;NO;;;;SI;;;;;;;LA POSTA;RIO PRIMERO;30999132541;241
SI ;SI;Sin convenio;NO;;;;SI;SI;01/04/2020;SI;SI;SI;;LA PUERTA;RIO PRIMERO;30681009465;2185
NO;NO;Sin convenio;NO;;;;;;;;;;;LA QUINTA;RIO PRIMERO;30685338781;208
SI ;NO;Sin convenio;NO;;;;;;;;;;;LA RANCHERITA Y LAS CASCADAS;SANTA MARIA;33678730969;350
SI ;NO;2019;SI;SI;SI;ENVIO DNRPA 27.8;SI;SI;SI;Pendiente;SI;Pendiente;;LA RINCONADA;RIO SECO;30682282777;217
NO;NO;Sin convenio;NO;;;;;;;;;;;LA SERRANITA;SANTA MARIA;30669149618;436
SI ;SI WEB;2018;SI;SI;SI;ENVIO DNRPA 27.8;SI;SI;01/09/2018;SI;SI;SI;;LA TORDILLA;SAN JUSTO;30999063515;1257
SI ;SI;Sin convenio;NO;;;;SI;SI;01/01/2019;SI;SI;SI;;LABORDE;UNION;30999098793;5957
SI ;SI;Sin convenio;NO;;;;SI;SI;;;;;;LABOULAYE;ROQUE SAENZ PEÑA;33999018519;20658
SI ;SI;2018;SI;Pendiente;SI;ENVIO DNRPA 18.6;;;01/12/2018;SI;SI;SI;;LAGUNA LARGA;RIO SEGUNDO;30999100577;7487
SI ;SI;2018;SI;SI;SI;ENVIO DNRPA 27.8;SI;SI;01/04/2020;SI;SI;SI;;LAS ACEQUIAS;RIO CUARTO;30669122248;2544
SI ;SI;Sin convenio;NO;;;;;;;;;;;LAS ALBAHACAS;RIO CUARTO;30668352975;342
SI ;SI;2018;SI;SI;SI;ENVIO DNRPA 27.8;SI;SI;01/01/2019;SI;SI;SI;;LAS ARRIAS;TULUMBA;33668654989;1179
SI ;SI;2020;SI;SI;SI;SI;SI;;;;;;;LAS BAJADAS;CALAMUCHITA;30668676541;141
SI ;SI;2020;SI;SI;SI;SI;SI;;SI;SI;SI;Pendiente;;LAS CALERAS;CALAMUCHITA;30669239455;268
SI ;SI WEB;No Vigente;SI;Pendiente;Pendiente;Pendiente;;;SI;Pendiente;Pendiente;Pendiente;;LAS CALLES;SAN ALBERTO;30668564212;700
NO;NO;No Vigente;SI;Pendiente;Pendiente;Pendiente;SI;;;;;;;LAS CAÑADAS;CRUZ DEL EJE;30680988745;272
SI ;SI;2021;SI;SI;SI;SI;;;;;;;;LAS GRAMILLAS;RIO PRIMERO;30999051509;109
SI ;SI;Sin convenio;NO;;;;SI;;SI;Pendiente;Pendiente;Pendiente;;LAS HIGUERAS;RIO CUARTO;33668640139;6202
SI ;SI;Sin convenio;NO;;;;;;;;;;;LAS ISLETILLAS;TERCERO ARRIBA;30703376793;190
SI ;SI;Sin convenio;NO;;;;;;;;;;;LAS JUNTURAS;RIO SEGUNDO;30669240542;1748
SI ;SI;Sin convenio;NO;;;;;;;;;;;LAS PALMAS;POCHO;30999132479;123
SI ;SI;2019;SI;SI;SI;ENVIO DNRPA 27.8;SI;SI;SI;SI;SI;Pendiente;;LAS PEÑAS;TOTORAL;30668655110;1664
SI ;SI;2019;SI;SI;SI;ENVIO DNRPA 27.8;SI;;SI;SI;SI;Pendiente;;LAS PEÑAS SUD;RIO CUARTO;30999050510;148
SI ;SI;Sin convenio;NO;;;;SI;SI;;;;;;LAS PERDICES;TERCERO ARRIBA;30659361511;5144
SI ;NO;2019;SI;SI;SI;ENVIO DNRPA 27.8;;;SI;Pendiente;SI;Pendiente;;LAS PLAYAS;CRUZ DEL EJE;30669254535;962
SI;NO;2021;SI;SI;SI;SI;;;;;;;;LAS RABONAS;SAN ALBERTO;30677598286;703
SI ;SI WEB;Sin convenio;NO;;;;;;;;;;;LAS SALADAS;RIO PRIMERO;30669243371;134
SI ;SI;No Vigente;SI;Pendiente;Pendiente;Pendiente;SI;;SI;Pendiente;Pendiente;Pendiente;SI;LAS TAPIAS;SAN JAVIER;30669190898;1936
SI ;SI;Sin convenio;NO;;;;;;;;;;;LAS VARAS;SAN JUSTO;30669188338;1320
SI ;SI;2021;SI;SI;SI;SI;;;01/03/2019;SI;SI;SI;;LAS VARILLAS;SAN JUSTO;30999101255;16316
SI ;SI;Sin convenio;NO;;;;SI;;;;;;;LAS VERTIENTES;RIO CUARTO;30668761719;766
SI ;SI WEB;Sin convenio;NO;;;;;;;;;;;LEGUIZAMON;ROQUE SAENZ PEÑA;30999066344;55
SI ;SI;Sin convenio;NO;;;;;;01/01/2019;SI;SI;SI;;LEONES;MARCOS JUAREZ;33680973909;10529
SI ;NO;2019;SI;SI;SI;ENVIO DNRPA 27.8;;;SI;Pendiente;SI;Pendiente;;LOS CEDROS;SANTA MARIA;30669245110;1092
SI ;SI;2018;SI;SI;SI;ENVIO DNRPA 27.8;;;;;;;;LOS CERRILLOS;SAN JAVIER;30668543193;2306
NO;NO;Sin convenio;NO;;;;;;;;;;;LOS CHAÑARITOS;CRUZ DEL EJE;30685354787;219
SI ;SI ;2019;SI;SI;SI;ENVIO DNRPA 18.6;;;;;;;;LOS CHAÑARITOS;RIO SEGUNDO;30999099234;564
SI ;SI;No Vigente;SI;Pendiente;Pendiente;Pendiente;SI;;SI;Pendiente;Pendiente;Pendiente;;LOS CISNES;JUAREZ CELMAN;30999045606;563
SI ;SI;Sin convenio;NO;;;;;;;;;;;LOS COCOS;PUNILLA;30999051126;1245
SI ;SI;Sin convenio;NO;;;;;;;;;;;LOS CONDORES;CALAMUCHITA;33669240169;2964
SI ;SI;2019;SI;SI;SI;ENVIO DNRPA 27.8;;;SI;Pendiente;SI;Pendiente;;LOS HORNILLOS;SAN JAVIER;30682240462;1228
SI ;SI;2019;SI;SI;SI;SI;SI;SI;SI;Pendiente;SI;Pendiente;;LOS HOYOS;RIO SECO;30682321403;279
SI ;NO;2020;SI;SI;SI;SI;;;;;;;;LOS MISTOLES;TOTORAL;33668677849;187
SI ;SI;2018;SI;Pendiente;SI;ENVIO DNRPA 18.6;SI;SI;SI;Pendiente;SI;Pendiente;;LOS MOLINOS;CALAMUCHITA;30668550467;338
NO;NO;No Vigente;SI;SI;Pendiente;Pendiente;;;SI;Pendiente;SI;Pendiente;;LOS POZOS;ISCHILIN;30668746701;95
;;;;;;;;;;;;;;LOS REARTES;CALAMUCHITA;;1426
SI ;SI;2018;SI;Pendiente;SI;ENVIO DNRPA 18.6;SI;SI;01/09/2018;SI;SI;SI;;LOS SURGENTES;MARCOS JUAREZ;30669249485;2795
NO;NO;Sin convenio;NO;;;;;;;;;;;LOS TALARES;POCHO;30668670675;157
SI ;SI;Sin convenio;NO;;;;SI;SI;;;;;;LOS ZORROS;TERCERO ARRIBA;30677576487;512
NO;NO;Sin convenio;NO;;;;SI;SI;;;;;;LOZADA;SANTA MARIA;33999114569;1041
SI ;SI;Sin convenio;NO;;;;;;;;;;;LUCA;GENERAL SAN MARTIN;30680952406;563
SI ;SI;Sin convenio;NO;;;;;;;;;;;LUCIO V. MANSILLA;TULUMBA;33999246619;881
SI ;SI;2020;SI;SI;SI;SI;SI;SI;SI;SI;Pendiente;Pendiente;;LUQUE;RIO SEGUNDO;30668692164;6281
SI ;SI;2021;SI;SI;SI;SI;SI;;SI;Pendiente;Pendiente;Pendiente;;LUTTI;CALAMUCHITA;30669245668;183
SI ;SI;2018;SI;SI;SI;ENVIO DNRPA 27.8;SI;SI;01/12/2018;SI;SI;SI;;LUYABA;SAN JAVIER;30637237159;1595
SI ;SI WEB;Sin convenio;NO;;;;;;;;;;;MALAGUEÑO;SANTA MARIA;30669114989;13102
NO;NO;Sin convenio;NO;;;;;;;;;;;MALENA;RIO CUARTO;30678660635;368
SI ;SI;Sin convenio;NO;;;;;;;;;;;MALVINAS ARGENTINAS;COLON;30677630678;12581
SI ;SI;2019;SI;SI;SI;ENVIO DNRPA 27.8;SI;SI;01/10/2018;SI;SI;SI;VIGENTE;MANFREDI;RIO SEGUNDO;30681019495;964
NO;NO;Sin convenio;NO;;;;;;;;;;;MAQUINISTA GALLINI;RIO PRIMERO;30999065739;69
SI ;SI;Sin convenio;NO;;;;;;01/03/2019;SI;SI;SI;;MARCOS JUAREZ;MARCOS JUAREZ;30657956550;27071
SI ;SI;2020;SI;Pendiente;SI;ENVIO DNRPA 27.8;SI;SI;01/03/2019;SI;SI;SI;;MARULL;SAN JUSTO;30689784484;1799
SI ;SI;2018;SI;Pendiente;SI;ENVIO DNRPA 27.8;;;;;;;;MATORRALES;RIO SEGUNDO;30999138965;981
SI ;SI;No Vigente;SI;SI;Pendiente;Pendiente;SI;;SI;Pendiente;SI;Pendiente;;MATTALDI;GENERAL ROCA;30678671726;1842
SI ;SI;2021;SI;SI;SI;SI;;;;;;;;MAYU SUMAJ;PUNILLA;30668561868;1383
SI ;SI;No Vigente;SI;Pendiente;Pendiente;Pendiente;;;;;;;;MEDIA NARANJA;CRUZ DEL EJE;30668758262;936
;jorgecarbelo@gmail.com;;;;;;;;;;;;;;;;
SI ;SI;Sin convenio;NO;;;;SI;SI;01/04/2021;SI;SI;;;MONTE DE LOS GAUCHOS;RIO CUARTO;33999063689;694
SI ;SI;Sin convenio;NO;;;;;;;;;;;MONTE LEÑA;UNION;30999122066;436
SI ;SI;Sin convenio;NO;;;;SI;SI;01/12/2018;SI;SI;SI;;MONTE MAIZ;UNION;30999122139;7478
NO;NO;Sin convenio;NO;;;;;;;;;;;MONTE RALO;SANTA MARIA;30999065666;535
SI ;SI;2019;SI;SI;SI;ENVIO DNRPA 18.6;SI;SI;SI;Pendiente;SI;Pendiente;;MORRISON;UNION;30669163181;3397
SI ;SI;Sin convenio;NO;;;;SI;SI;SI;Pendiente;SI;Pendiente;;MORTEROS;SAN JUSTO;30668756979;17124
SI ;SI;2018;SI;SI;SI;ENVIO DNRPA 18.6;;;SI;Pendiente;SI;Pendiente;;NICOLAS BRUZONE;GENERAL ROCA;30999063205;214
SI ;SI;2019;SI;Pendiente;SI;ENVIO DNRPA 27.8;SI;SI;01/12/2018;SI;SI;SI;;NOETINGER;UNION;30669251498;4923
SI ;SI;2020;SI;SI;SI;SI;;;;;;;;NONO;SAN ALBERTO;30999132614;2408
SI;NO;Sin convenio;NO;;;;;;01/07/2020;SI;SI;SI;;OBISPO TREJO;RIO PRIMERO;30999098246;2497
SI ;SI;2019;SI;SI;SI;ENVIO DNRPA 27.8;SI;SI;SI;Pendiente;Pendiente;Pendiente;SI;OLAETA;JUAREZ CELMAN;30999050820;644
SI ;SI;Sin convenio;NO;;;;SI;SI;01/10/2018;SI;SI;SI;;OLIVA;TERCERO ARRIBA;30668555272;11809
NO;NO;Sin convenio;NO;;;;;;;;;;;OLIVARES DE SAN NICOLAS;ISCHILIN;30668755816;615
SI ;SI;2019;SI;SI;SI;ENVIO DNRPA 27.8;;;SI;Pendiente;SI;Pendiente;;ONAGOITY;GENERAL ROCA;30999016916;63
SI ;SI;Sin convenio;NO;;;;;;01/01/2019;SI;SI;SI;;ONCATIVO;RIO SEGUNDO;30668256097;13295
SI ;SI;2019;SI;SI;SI;ENVIO DNRPA 18.6;SI;SI;01/01/2019;SI;SI;SI;SI;ORDOÑEZ;UNION;30668848628;2613
SI ;SI WEB;No Vigente;SI;Pendiente;Pendiente;Pendiente;SI;;SI;Pendiente;Pendiente;Pendiente;;PACHECO DE MELO;JUAREZ CELMAN;30668666139;60
SI ;SI;2019;SI;SI;SI;ENVIO DNRPA 18.6;SI;SI;SI;Pendiente;Pendiente;Pendiente;;PAMPAYASTA NORTE;TERCERO ARRIBA;33999242419;95
SI ;SI;Sin convenio;NO;;;;SI;SI;SI;Pendiente;Pendiente;Pendiente;;PAMPAYASTA SUD;TERCERO ARRIBA;30669244815;1212
NO;NO;2021;SI;SI;SI;SI;;;;;;;;PANAHOLMA;SAN ALBERTO;30668661706;278
SI ;SI;2019;SI;SI;SI;ENVIO DNRPA 27.8;;;SI;SI;SI;Pendiente;;PARQUE CALMAYO;CALAMUCHITA;33999062909;74
SI ;SI;2018;SI;SI;SI;ENVIO DNRPA 27.8;SI;SI;01/12/2018;SI;SI;SI;;PASCANAS;UNION;33999114259;2779
SI ;SI;No Vigente;SI;Pendiente;Pendiente;Pendiente;SI;;01/02/2020;SI;SI;SI;;PASCO;GENERAL SAN MARTIN;30668847702;1201
SI ;SI WEB;Sin convenio;NO;;;;;;;;;;;PASO DEL DURAZNO;JUAREZ CELMAN;30668558557;55
SI ;SI WEB;2019;SI;SI;SI;ENVIO DNRPA 27.8;SI;SI;SI;SI;SI;Pendiente;;PASO VIEJO;CRUZ DEL EJE;30999038332;32
SI ;SI;Sin convenio;NO;;;;SI;SI;;;;;;PILAR;RIO SEGUNDO;30668747244;14809
SI ;SI;2018;SI;SI;SI;ENVIO DNRPA 18.6;SI;SI;SI;Pendiente;SI;Pendiente;;PINCEN;GENERAL ROCA;30999045843;254
SI ;SI WEB;Sin convenio;NO;;;;SI;SI;01/05/2021;SI;SI;SI;SI;PIQUILLIN;RIO PRIMERO;30681010242;1364
SI ;SI;Sin convenio;NO;;;;;;;;;;;PLAZA DE MERCEDES;RIO PRIMERO;30669201202;67
SI ;SI WEB;Sin convenio;NO;;;;SI;SI;SI;;;;;PLAZA LUXARDO;SAN JUSTO;30669188028;195
SI ;SI;Baja de convenio enero 2020;NO;;;;SI;SI;;;;;;PORTEÑA;SAN JUSTO;30685355910;5439
SI ;SI;No Vigente;SI;SI;Pendiente;Pendiente;;;SI;Pendiente;SI;Pendiente;;POTRERO DE GARAY;SANTA MARIA;30999228328;1323
"claudiomartinez9696@gmail.com""";procuracion.pdg@gmail.com;;;;;;;;;;;;;;;;
SI ;SI;Sin convenio;NO;;;;;;01/11/2020;SI;SI;SI;;POZO DEL MOLLE;RIO SEGUNDO;33682240399;5718
SI ;SI;2018;SI;SI;SI;ENVIO DNRPA 18.6;SI;SI;SI;Pendiente;SI;Pendiente;;POZO NUEVO;SOBREMONTE;30668834708;468
SI ;SI;2019;SI;SI;SI;ENVIO DNRPA 18.6;SI;SI;01/09/2021;SI;SI;;;PUEBLO ITALIANO;UNION;33682304419;1662
SI ;NO;No Vigente;SI;SI;Pendiente;Pendiente;;;SI;Pendiente;SI;Pendiente;;PUESTO DE CASTRO;RIO SECO;33668668289;172
SI ;SI WEB;Sin convenio;NO;;;;SI;;;;;;;PUNTA DEL AGUA;TERCERO ARRIBA;30669170072;175
SI ;SI;2019;SI;SI;SI;ENVIO DNRPA 18.6;;;01/10/2018;SI;SI;SI;;QUEBRACHO HERRADO;SAN JUSTO;30999075696;388
SI (NO TENEMOS COPIA CONVENIO);NO;2020;SI;SI;SI;SI;;;SI;Pendiente;SI;Pendiente;;QUILINO;ISCHILIN;30681009392;5262
SI ;SI;2019;SI;SI;SI;ENVIO DNRPA 27.8;;;SI;SI;SI;Pendiente;;RAFAEL GARCIA;SANTA MARIA;30668753694;565
SI ;SI WEB;2019;SI;SI;SI;ENVIO DNRPA 27.8;;;SI;Pendiente;SI;Pendiente;;RANQUELES;GENERAL ROCA;30678712678;67
NO;NO;No Vigente;SI;SI;Pendiente;Pendiente;;;SI;Pendiente;SI;Pendiente;;RAYO CORTADO;RIO SECO;30999097320;691
SI ;SI;No Vigente;SI;Pendiente;Pendiente;Pendiente;;;SI;Pendiente;Pendiente;Pendiente;;REDUCCION;JUAREZ CELMAN;30680965710;1742
SI ;SI;2018;SI;SI;SI;ENVIO DNRPA 18.6;;;;;;;;RINCON;RIO SEGUNDO;30668760100;540
SI ;SI;Sin convenio;NO;;;;SI;SI;;;;;;RIO CEBALLOS;COLON;30668413958;20242
SI ;SI;Sin convenio;NO;;;;;;01/03/2019;SI;SI;SI;;RIO CUARTO;RIO CUARTO;30999050685;158298
SI ;SI;Sin convenio;NO;;;;;;;;;;;RIO DE LOS SAUCES;CALAMUCHITA;30668659310;1326
SI ;SI;2019;SI;SI;SI;ENVIO DNRPA 27.8;SI;SI;01/05/2019;SI;SI;SI;;RIO PRIMERO;RIO PRIMERO;30999067642;7389
SI ;NO;Sin convenio;NO;;;;SI;;01/08/2020;SI;SI;SI;;RIO SEGUNDO;RIO SEGUNDO;30999014794;20427
SI ;SI;Sin convenio;NO;;;;;;;;;;;RIO TERCERO;TERCERO ARRIBA;30999229790;46800
SI ;SI;Sin convenio;NO;;;;;;;;;;;RIOBAMBA;ROQUE SAENZ PEÑA;30668757347;105
SI ;SI;2021;SI;SI;SI;SI;SI;SI;01/01/2021;SI;SI;SI;;ROSALES;ROQUE SAENZ PEÑA;30682306250;535
NO;NO;No Vigente;SI;SI;Pendiente;Pendiente;SI;SI;SI;Pendiente;SI;Pendiente;;ROSARIO DEL SALADILLO;TULUMBA;33669140229;178
SI ;SI;2021;SI;SI;;SI;SI;SI;SI;Pendiente;Pendiente;Pendiente;SI;SACANTA;SAN JUSTO;30681027064;3134
NO;NO;Sin convenio;NO;;;;;;;;;;;SAGRADA FAMILIA;RIO PRIMERO;30999115620;151
SI ;SI;No Vigente;SI;Pendiente;Pendiente;Pendiente;SI;SI;;;;;;SAIRA;MARCOS JUAREZ;30668451132;812
SI ;SI;2018;SI;SI;SI;ENVIO DNRPA 27.8;;;;;;;;SALADILLO;MARCOS JUAREZ;30999012333;186
SI ;SI;2020;SI;SI;SI;SI;SI;SI;SI;Pendiente;SI;Pendiente;;SALDAN;COLON;30678681063;10606
SI ;SI;2018;SI;SI;SI;ENVIO DNRPA 27.8;;;01/10/2018;SI;SI;SI;;SALSACATE;POCHO;30678707909;1728
SI ;SI;No Vigente;SI;Pendiente;Pendiente;Pendiente;SI ;SI;SI;Pendiente;SI;Pendiente;;SALSIPUEDES;COLON;30999051746;9842
SI ;SI;Sin convenio;NO;;;;SI;;01/10/2020;SI;SI;SI;;SAMPACHO;RIO CUARTO;30999099544;7846
SI ;SI;2018;SI;SI;SI;ENVIO DNRPA 18.6;SI;;01/01/2020;SI;SI;SI;SI;SAN AGUSTIN;CALAMUCHITA;30678652063;3732
SI ;SI;No Vigente;SI;SI;Pendiente;Pendiente;SI;;;;;;;SAN ANTONIO DE ARREDONDO;PUNILLA;30668243858;3930
SI ;SI;No Vigente;SI;SI;Pendiente;Pendiente;SI;SI;01/04/2019;SI;SI;SI;;SAN ANTONIO DE LITIN;UNION;30999051819;1314
SI ;SI;Sin convenio;NO;;;;;;01/02/2020;SI;SI;SI;;SAN BASILIO;RIO CUARTO;30668553741;3225
SI ;SI;2018;SI;SI;SI;ENVIO DNRPA 27.8;;;01/02/2021;SI;SI;SI;;SAN CARLOS MINAS;MINAS;30681021880;1713
NO;NO;No Vigente;SI;SI;Pendiente;Pendiente;;;SI;Pendiente;SI;Pendiente;;SAN CLEMENTE;SANTA MARIA;30999045533;240
SI ;SI WEB;2019;SI;SI;SI;ENVIO DNRPA 27.8;;;;;;;;SAN ESTEBAN;PUNILLA;30999057922;857
SI ;SI;Sin convenio;NO;;;;;;01/12/2018;SI;SI;SI;;SAN FRANCISCO;SAN JUSTO;30682254218;62211
SI ;SI;2019;SI;SI;SI;ENVIO DNRPA 27.8;SI;SI;SI;Pendiente;Pendiente;Pendiente;;SAN FRANCISCO DEL CHAÑAR;SOBREMONTE;30669250718;2506
NO;NO;2021;SI;SI;SI;SI;;;;;;;;SAN JERONIMO;POCHO;30668652839;1825
SI ;SI;2019;SI;SI;SI;ENVIO DNRPA 18.6;SI;SI;SI;SI;SI;Pendiente;;SAN IGNACIO;CALAMUCHITA;33669244059;602
SI ;SI;2019;SI;SI;SI;ENVIO DNRPA 27.8;SI;;SI;Pendiente;Pendiente;Pendiente;;SAN JAVIER Y YACANTO;SAN JAVIER;30668770823;247
SI ;SI;Sin convenio;NO;;;;;;;;;;;SAN JOAQUIN;ROQUE SAENZ PEÑA;33633885899;140
SI ;SI WEB;2018;SI;SI;SI;ENVIO DNRPA 27.8;SI;;SI;Pendiente;SI;Pendiente;;SAN JOSE;SAN JAVIER;30999133157;2591
SI ;SI;2019;SI;SI;SI;ENVIO DNRPA 27.8;;;01/01/2021;SI;SI;SI;;SAN JOSE DE LA DORMIDA;TULUMBA;30687572722;4510
SI ;NO;2018;SI;SI;SI;ENVIO DNRPA 18.6;SI;SI;;;;;;SAN JOSE DE LAS SALINAS;TULUMBA;30669246583;777
SI ;SI;2019;SI;SI;SI;ENVIO DNRPA 27.8;;;SI;Pendiente;SI;Pendiente;;SAN LORENZO;SAN ALBERTO;30668547229;1045
SI ;SI;2020;SI;SI;SI;SI;SI;SI;SI;SI;SI;Pendiente;;SAN MARCOS SIERRAS;CRUZ DEL EJE;33668256479;2199
SI ;SI;Sin convenio;NO;;;;SI;;;;;;;SAN MARCOS SUD;UNION;30669239765;3145
SI ;SI;No Vigente;SI;Pendiente;Pendiente;Pendiente;SI;;SI;Pendiente;Pendiente;Pendiente;;SAN PEDRO;SAN ALBERTO;30682250875;4624
SI ;NO;2019;SI;SI;SI;ENVIO DNRPA 18.6;SI;;SI;SI;SI;Pendiente;;SAN PEDRO NORTE;TULUMBA;30678715022;379
SI ;SI;No Vigente;SI;SI;Pendiente;SI;;;SI;Pendiente;SI;Pendiente;;SAN ROQUE;PUNILLA;30669246729;1128
SI ;SI;2021;SI;SI;SI;SI;;;SI;Pendiente;Pendiente;Pendiente;;SAN VICENTE;SAN ALBERTO;30999100267;1783
SI ;NO;Sin convenio;NO;;;;SI;SI;;;;;;SANTA CATALINA - HOLMBERG;RIO CUARTO;33682238149;3898
SI ;NO;2019;SI;SI;SI;ENVIO DNRPA 27.8;SI;SI;01/12/2018;SI;SI;SI;;SANTA ELENA;RIO SECO;30999097495;296
;comunasantaelena@hotmail.com;12/11/1858;Firmada y guardada.;;;;;;;;;;;;;;
SI ;NO;2020;SI;SI;SI;SI;;;SI;SI;SI;Pendiente;;SARMIENTO;TOTORAL;30669165923;1455
SI ;SI;2020;SI;SI;SI;SI;SI;SI;01/08/2020;SI;SI;SI;;SATURNINO MARIA LASPIUR;SAN JUSTO;30669245048;2496
SI ;SI;Sin convenio;NO;;;;;;;;;;;SAUCE ARRIBA;SAN ALBERTO;30999132169;749
SI ;SI;Sin convenio;NO;;;;SI;SI;;;;;;SEBASTIAN ELCANO;RIO SECO;30669192637;2481
SI ;SI;Sin convenio;NO;;;;SI;SI;;;;;;SEEBER;SAN JUSTO;33668709139;620
SI ;SI WEB;Sin convenio;NO;;;;;;;;;;;SEGUNDA USINA;CALAMUCHITA;30999050758;170
SI ;SI;2021;SI;SI;SI;SI;;;01/02/2019;SI;SI;SI;;SERRANO;ROQUE SAENZ PEÑA;30668547393;3209
SI ;SI;Sin convenio;NO;;;;;;;;;;;SERREZUELA;CRUZ DEL EJE;30669358128;2678
SI ;SI;Sin convenio;NO;;;;SI;SI;01/08/2020;SI;SI;SI;;SILVIO PELLICO;GENERAL SAN MARTIN;30682313141;405
SI ;NO;Sin convenio;NO;;;;;;;;;;;SIMBOLAR;TOTORAL;30655431795;350
SI ;SI;2021;SI;SI;SI;SI;SI;SI;01/04/2019;SI;SI;SI;SI;SINSACATE;TOTORAL;30669096379;1344
SI ;SI WEB;Sin convenio;NO;;;;;;;;;;;SUCO;RIO CUARTO;30669249558;307
SI ;SI WEB;2021;SI;SI;SI;SI;;;;;;;;TALA CAÑADA;POCHO;30682242139;254
SI ;SI;Sin convenio;NO;;;;;;;;;;;TALA HUASI;PUNILLA;33668549069;147
NO;NO;Sin convenio;NO;;;;;;;;;;;TALAINI;MINAS;30999051053;123
SI ;SI;2021;SI;SI;SI;SI;SI;SI;01/03/2020;SI;SI;SI;;TANCACHA;TERCERO ARRIBA;30999013569;5309
SI ;SI;Sin convenio;NO;;;;;;;;;;;TANTI;PUNILLA;30999114322;6841
SI ;SI;Sin convenio;NO;;;;;;;;;;;TICINO;GENERAL SAN MARTIN;30682322493;2207
SI ;SI;Sin convenio;NO;;;;SI;;;;;;;TINOCO;COLON;30999121833;514
SI ;SI;Sin convenio;NO;;;;;;;;;;;TIO PUJIO;GENERAL SAN MARTIN;30680996624;2676
SI ;SI;Sin convenio;NO;;;;;;;;;;;TOLEDO;SANTA MARIA;30669193862;4107
NO;NO;Sin convenio;NO;;;;SI;SI;;;;;;TORO PUJIO;SAN JUSTO;30668556953;173
SI ;NO;Sin convenio;NO;;;;;;;;;;;TOSNO;MINAS;30669127053;186
SI ;SI;Sin convenio;NO;;;;SI;;;;;;;TOSQUITA;RIO CUARTO;30669182844;414
SI ;SI;2019;SI;SI;SI;ENVIO DNRPA 27.8;SI;SI;01/03/2019;SI;SI;SI;;TRANSITO;SAN JUSTO;30668543959;3185
SI ;SI;Sin convenio;NO;;;;;;;;;;;TUCLAME;CRUZ DEL EJE;30999097630;
SI ;SI;Sin convenio;NO;;;;SI;SI;01/01/2019;SI;SI;SI;;UCACHA;JUAREZ CELMAN;30678677384;5167
SI ;SI;2020;SI;SI;SI;SI;;;01/03/2020;SI;SI;SI;;UNQUILLO;COLON;30680962819;18483
SI;NO;Sin convenio;NO;.;;;;;;;;;;VALLE DE ANISACATE;SANTA MARIA;30999027624;487
SI ;SI;2021;SI;SI;SI;SI;;;;;;;;VALLE HERMOSO;PUNILLA;30999115930;6252
SI ;SI;2019;SI;SI;SI;ENVIO DNRPA 27.8;SI;SI;SI;SI;Pendiente;Pendiente;;VIAMONTE;UNION;30999100712;1594
SI ;SI;Sin convenio;NO;;;;sI;SI;;;;;;VICUÑA MACKENNA;RIO CUARTO;33650575739;10170
SI ;SI;Sin convenio;NO;;;;;;;;;;;VILLA ALLENDE;COLON;30668685273;28374
SI ;SI;No Vigente;SI;Pendiente;Pendiente;Pendiente;;;;;;;;VILLA AMANCAY;CALAMUCHITA;30999097940;450
SI ;SI;2020;SI;SI;SI;SI;SI;;01/04/2021;SI;SI;SI;;VILLA ASCASUBI;TERCERO ARRIBA;30682252541;2355
NO;NO;No Vigente;SI;SI;Pendiente;Pendiente;SI;SI;SI;Pendiente;SI;Pendiente;;VILLA CANDELARIA NORTE;RIO SECO;30678647531;280
SI ;SI;Sin convenio;NO;;;;;;;;;;;VILLA CARLOS PAZ;PUNILLA;33677600689;62750
SI ;SI;2021;SI;SI;SI;SI;SI;SI;;;;;;VILLA CERRO AZUL;COLON;30668681766;762
;;;;;;;;;;;;;;;;;
SI ;SI;2018;SI;Pendiente;SI;SI;SI;SI;SI;Pendiente;Pendiente;Pendiente;;VILLA CONCEPCION DEL TIO;SAN JUSTO;30652994543;1886
NO;NO;2021;SI;SI;SI;SI;SI;;SI;Pendiente;Pendiente;Pendiente;;VILLA CURA BROCHERO;SAN ALBERTO;30669243134;6351
SI ;SI WEB;2018;SI;SI;SI;SI;;;;;;;;VILLA DE LAS ROSAS;SAN JAVIER;30999132789;4116
SI ;SI;2018;SI;Pendiente;SI;ENVIO DNRPA 27.8;;;SI;Pendiente;SI;Pendiente;;VILLA DE MARIA;RIO SECO;30669246273;4911
SI ;SI;2021;SI;SI;SI;SI;;;01/12/2020;SI;SI;SI;;VILLA DE POCHO;POCHO;30658464147;201
SI ;SI;Sin convenio;NO;;;;;;;;;;;VILLA DE SOTO;CRUZ DEL EJE;30668685893;9927
SI ;SI;Sin convenio;NO;;;;SI;;SI;Pendiente;SI;Pendiente;;VILLA DEL DIQUE;CALAMUCHITA;30680951108;3303
SI ;SI;Sin convenio;NO;;;;;;;;;;;VILLA DEL PRADO;SANTA MARIA;30999023041;2011
SI ;SI;Sin convenio;NO;;;;;;;;;;;VILLA DEL ROSARIO;RIO SEGUNDO;30678650087;15394
SI ;NO;2019;SI;SI;SI;ENVIO DNRPA 27.8;SI;;01/01/2021;SI;SI;SI;;VILLA DEL TOTORAL;TOTORAL;30657733365;8439
NO;SI;Sin convenio;NO;;;;;;;;;;;VILLA DOLORES;SAN JAVIER;30669121012;31853
NO;NO;Sin convenio;NO;;;;;;;;;;;VILLA EL CHACAY;RIO CUARTO;30668975034;84
SI;NO;Sin convenio;NO;;;;;;;;;;;VILLA ELISA;MARCOS JUAREZ;30999131936;26
SI ;NO;2019;SI;SI;SI;ENVIO DNRPA 27.8;;;01/03/2021;SI;SI;SI;;VILLA FONTANA;RIO PRIMERO;30668656346;939
SI ;SI;2018;SI;Pendiente;SI;SI;;;;;;;;VILLA GENERAL BELGRANO;CALAMUCHITA;30999111668;8257
SI ;SI;2019;SI;SI;SI;ENVIO DNRPA 27.8;SI;SI;;;;;;VILLA GIARDINO;PUNILLA;30682273425;6810
NO;NO;Sin convenio;NO;;;;;;;;;;;VILLA GUTIERREZ;ISCHILIN;30668746876;341
SI ;SI;2018;SI;Pendiente;Pendiente;ENVIO DNRPA 27.8;SI;;SI;Pendiente;SI;Pendiente;;VILLA HUIDOBRO;GENERAL ROCA;33677633269;5658
SI ;NO;2019;SI;SI;SI;ENVIO DNRPA 27.8;;;;;;;;VILLA LA BOLSA;SANTA MARIA;30677575634;995
SI;NO;2021;SI;SI;SI;SI;;;;;;;;VILLA LOS AROMOS;SANTA MARIA;30668262062;1378
SI ;SI;Sin convenio;NO;;;;;;;;;;;VILLA LOS PATOS;UNION;30999066727;26
SI ;SI;Sin convenio;NO;;;;;;;;;;;VILLA MARIA;GENERAL SAN MARTIN;30999062837;80006
SI ;SI;Baja de convenio el 17/01/2020;;;;;;;SI;Pendiente;SI;Pendiente;;VILLA NUEVA;GENERAL SAN MARTIN;30685341855;19362
NO;NO;Sin convenio;NO;;;;;;;;;;;VILLA PARQUE SANTA ANA;SANTA MARIA;30678675543;2861
SI ;SI;Sin convenio;NO;;;;;;;;;;;VILLA PARQUE SIQUIMAN;PUNILLA;30668692474;1888
SI ;SI;No Vigente;SI;SI;Pendiente;Pendiente;;;SI;Pendiente;SI;Pendiente;;VILLA QUILLINZO;CALAMUCHITA;30678667427;79
SI ;SI;No Vigente;SI;SI;Pendiente;Pendiente;SI;;SI;Pendiente;SI;Pendiente;;VILLA ROSSI;ROQUE SAENZ PEÑA;30668742986;515
SI ;SI;Sin convenio;NO;;;;;;;;;;;VILLA RUMIPAL;CALAMUCHITA;30999227577;2663
SI ;SI;Sin convenio;NO;;;;;;;;;;;VILLA SAN ESTEBAN;SAN JUSTO;30669210317;82
SI ;SI;Sin convenio;NO;;;;;;;;;;;VILLA SAN ISIDRO;SANTA MARIA;30685358677;1249
SI ;SI;No Vigente;SI;SI;Pendiente;Pendiente;;;2019-05-01 //// SOLICITAN LA BAJA POR CARTA DOCUMENTO A PARTIR DEL 01/01/2021. EN GESTION CON RENTAS;SI;SI;SI;;VILLA SANTA CRUZ DEL LAGO;PUNILLA;33678677839;2472
SI ;SI;Sin convenio;NO;;;;SI;SI;01/09/2020;SI;SI;SI;;VILLA SANTA ROSA;RIO PRIMERO;30999075211;7805
SI ;SI;No Vigente;SI;SI;Pendiente;Pendiente;SI;SI;SI;Pendiente;SI;Pendiente;;VILLA SARMIENTO (C);GENERAL ROCA;30668745578;373
SI ;SI WEB;Sin convenio;NO;;;;SI;SI;;;;;;VILLA SARMIENTO (M);SAN ALBERTO;30999076447;5264
SI ;NO;2020;SI;SI;SI;SI;;;SI;Pendiente;SI;Pendiente;;VILLA TULUMBA;TULUMBA;30682255443;1597
SI ;SI;2018;SI;Pendiente;SI;ENVIO DNRPA 18.6;SI;;01/09/2018;SI;SI;SI;;VILLA VALERIA;GENERAL ROCA;30668761883;3002
SI ;SI;2018;SI;SI;SI;ENVIO DNRPA 27.8;SI;;01/02/2020;SI;SI;SI;;VILLA YACANTO;CALAMUCHITA;30668675006;1634
SI ;NO;Sin convenio;NO;;;;SI;SI;;;;;;WASHINGTON;RIO CUARTO;30669080782;608
SI ;SI;2018;SI;Pendiente;SI;ENVIO DNRPA 18.6;SI;SI;01/08/2018;SI;SI;SI;;WENCESLAO ESCALANTE;UNION;30668237408;1517
